Comune,canc2015,canc2016,canc2017,iscr2015,iscr2016,iscr2017,pop_iniz_2015,pop_iniz_2016,pop_iniz_2017,pop_fine_2015,pop_fine_2016,pop_fine_2017,Cratere Centro Italia 2016
Acciano,11.0,21.0,10.0,9.0,19.0,12.0,347.0,335.0,319.0,335.0,319.0,317.0,0
Accumoli,30.0,17.0,13.0,28.0,19.0,6.0,665.0,655.0,639.0,655.0,639.0,616.0,1.0
Acquasanta Terme,101.0,88.0,67.0,76.0,52.0,23.0,2994.0,2935.0,2868.0,2935.0,2868.0,2801.0,1.0
Acquasparta,173.0,142.0,126.0,136.0,130.0,147.0,4786.0,4705.0,4667.0,4705.0,4667.0,4636.0,0
Acquaviva Picena,143.0,146.0,133.0,97.0,115.0,141.0,3878.0,3829.0,3793.0,3829.0,3793.0,3778.0,0
Alba Adriatica,580.0,538.0,,596.0,606.0,,12289.0,12266.0,,12266.0,12336.0,,0
Allerona,44.0,53.0,38.0,48.0,36.0,55.0,1802.0,1796.0,1763.0,1796.0,1763.0,1775.0,0
Altidona,141.0,142.0,124.0,161.0,170.0,143.0,3359.0,3367.0,3383.0,3367.0,3383.0,3411.0,0
Alviano,18.0,24.0,23.0,42.0,37.0,22.0,1458.0,1464.0,1468.0,1464.0,1468.0,1456.0,0
Amandola,79.0,81.0,99.0,63.0,123.0,87.0,3649.0,3600.0,3603.0,3600.0,3603.0,3548.0,1.0
Amatrice,90.0,87.0,96.0,140.0,76.0,68.0,2624.0,2639.0,2503.0,2639.0,2503.0,2437.0,1.0
Amelia,298.0,275.0,305.0,296.0,283.0,281.0,11741.0,11691.0,11647.0,11691.0,11647.0,11552.0,0
Ancarano,77.0,70.0,,52.0,99.0,,1877.0,1847.0,,1847.0,1864.0,,0
Antrodoco,93.0,65.0,98.0,69.0,75.0,56.0,2613.0,2569.0,2546.0,2569.0,2546.0,2469.0,1.0
Apiro,51.0,60.0,68.0,65.0,56.0,50.0,2293.0,2282.0,2261.0,2282.0,2261.0,2231.0,1.0
Appignano,133.0,123.0,110.0,118.0,127.0,115.0,4241.0,4208.0,4203.0,4208.0,4203.0,4181.0,0
Appignano del Tronto,60.0,51.0,67.0,43.0,54.0,57.0,1806.0,1776.0,1775.0,1776.0,1775.0,1754.0,1.0
Arquata del Tronto,36.0,31.0,17.0,13.0,17.0,2.0,1230.0,1187.0,1144.0,1187.0,1144.0,1117.0,1.0
Arrone,120.0,102.0,118.0,103.0,104.0,117.0,2778.0,2745.0,2734.0,2745.0,2734.0,2725.0,1.0
Arsita,10.0,27.0,,15.0,22.0,,835.0,832.0,,832.0,821.0,,0
Ascoli Piceno,968.0,1000.0,985.0,920.0,1107.0,1013.0,49551.0,49158.0,48960.0,49158.0,48960.0,48608.0,1.0
Ascrea,19.0,38.0,24.0,13.0,63.0,16.0,241.0,234.0,257.0,234.0,257.0,247.0,0
Assisi,784.0,787.0,839.0,885.0,925.0,885.0,27969.0,27957.0,28033.0,27957.0,28033.0,27990.0,0
Atri,274.0,321.0,,212.0,256.0,,10797.0,10684.0,,10684.0,10584.0,,0
Attigliano,100.0,122.0,75.0,127.0,98.0,95.0,2049.0,2060.0,2027.0,2060.0,2027.0,2037.0,0
Avigliano Umbro,105.0,70.0,71.0,69.0,55.0,78.0,2593.0,2540.0,2513.0,2540.0,2513.0,2499.0,0
Barete,33.0,28.0,66.0,38.0,14.0,24.0,749.0,751.0,732.0,751.0,732.0,685.0,0
Barisciano,72.0,97.0,81.0,50.0,78.0,51.0,1866.0,1841.0,1817.0,1841.0,1817.0,1769.0,0
Baschi,118.0,87.0,84.0,83.0,102.0,89.0,2773.0,2715.0,2710.0,2715.0,2710.0,2683.0,0
Basciano,78.0,97.0,,64.0,70.0,,2440.0,2434.0,,2434.0,2398.0,,0
Bastia Umbra,795.0,804.0,711.0,692.0,675.0,706.0,21764.0,21671.0,21522.0,21671.0,21522.0,21482.0,0
Belforte del Chienti,47.0,57.0,33.0,65.0,46.0,74.0,1851.0,1867.0,1850.0,1867.0,1850.0,1885.0,1.0
Bellante,285.0,242.0,,288.0,277.0,,7154.0,7129.0,,7129.0,7149.0,,0
Belmonte Piceno,18.0,27.0,14.0,10.0,14.0,12.0,663.0,651.0,632.0,651.0,632.0,629.0,1.0
Belmonte in Sabina,20.0,22.0,22.0,14.0,23.0,29.0,666.0,655.0,654.0,655.0,654.0,662.0,0
Bettona,170.0,162.0,209.0,185.0,152.0,175.0,4321.0,4326.0,4327.0,4326.0,4327.0,4273.0,0
Bevagna,137.0,148.0,176.0,128.0,170.0,142.0,5120.0,5062.0,5073.0,5062.0,5073.0,5000.0,0
Bisenti,65.0,42.0,,36.0,34.0,,1981.0,1923.0,,1923.0,1896.0,,0
Bolognola,17.0,6.0,6.0,7.0,4.0,4.0,156.0,143.0,138.0,143.0,138.0,137.0,1.0
Borbona,23.0,19.0,30.0,17.0,21.0,21.0,630.0,621.0,615.0,621.0,615.0,597.0,1.0
Borgo Velino,27.0,30.0,50.0,25.0,23.0,28.0,992.0,979.0,969.0,979.0,969.0,940.0,1.0
Borgorose,120.0,115.0,139.0,122.0,128.0,120.0,4523.0,4502.0,4476.0,4502.0,4476.0,4426.0,0
Cagnano Amiterno,70.0,78.0,49.0,23.0,39.0,32.0,1419.0,1361.0,1299.0,1361.0,1299.0,1267.0,0
Calascio,3.0,8.0,9.0,16.0,8.0,6.0,126.0,136.0,134.0,136.0,134.0,132.0,0
Caldarola,71.0,86.0,81.0,59.0,77.0,29.0,1841.0,1817.0,1803.0,1817.0,1803.0,1740.0,1.0
Calvi dell'Umbria,53.0,53.0,51.0,66.0,46.0,48.0,1842.0,1833.0,1806.0,1833.0,1806.0,1771.0,0
Camerino,204.0,159.0,195.0,243.0,248.0,199.0,6999.0,6986.0,7020.0,6986.0,7020.0,6966.0,1.0
Campello sul Clitunno,113.0,81.0,96.0,92.0,61.0,59.0,2475.0,2438.0,2399.0,2438.0,2399.0,2353.0,0
Campli,235.0,209.0,,201.0,208.0,,7151.0,7089.0,,7089.0,7046.0,,1.0
Campofilone,90.0,75.0,64.0,48.0,104.0,66.0,1964.0,1907.0,1928.0,1907.0,1928.0,1909.0,0
Camporotondo di Fiastrone,16.0,38.0,24.0,22.0,18.0,15.0,570.0,573.0,545.0,573.0,545.0,534.0,1.0
Campotosto,26.0,18.0,20.0,17.0,36.0,19.0,564.0,543.0,551.0,543.0,551.0,535.0,1.0
Cannara,152.0,167.0,130.0,115.0,173.0,138.0,4321.0,4266.0,4257.0,4266.0,4257.0,4264.0,0
Cantalice,126.0,139.0,128.0,114.0,116.0,116.0,2738.0,2700.0,2649.0,2700.0,2649.0,2612.0,1.0
Cantalupo in Sabina,85.0,63.0,61.0,60.0,75.0,58.0,1702.0,1664.0,1675.0,1664.0,1675.0,1656.0,0
Canzano,76.0,76.0,,51.0,64.0,,1963.0,1931.0,,1931.0,1915.0,,0
Capestrano,37.0,31.0,33.0,33.0,46.0,46.0,884.0,877.0,881.0,877.0,881.0,887.0,0
Capitignano,44.0,16.0,28.0,27.0,30.0,14.0,699.0,670.0,689.0,670.0,689.0,664.0,1.0
Caporciano,4.0,15.0,5.0,9.0,8.0,8.0,229.0,234.0,223.0,234.0,223.0,222.0,0
Carapelle Calvisio,7.0,9.0,3.0,11.0,6.0,1.0,85.0,90.0,88.0,90.0,88.0,85.0,0
Carassai,32.0,20.0,38.0,34.0,23.0,16.0,1109.0,1106.0,1092.0,1106.0,1092.0,1057.0,0
Carsoli,180.0,159.0,189.0,196.0,176.0,167.0,5413.0,5422.0,5417.0,5422.0,5417.0,5350.0,0
Casaprota,42.0,34.0,26.0,29.0,30.0,26.0,740.0,725.0,716.0,725.0,716.0,713.0,0
Cascia,54.0,79.0,78.0,63.0,57.0,39.0,3233.0,3207.0,3164.0,3207.0,3164.0,3093.0,1.0
Casperia,66.0,62.0,41.0,64.0,61.0,69.0,1248.0,1231.0,1229.0,1231.0,1229.0,1244.0,0
Castel Castagna,16.0,19.0,,18.0,9.0,,509.0,507.0,,507.0,493.0,,0
Castel Giorgio,80.0,53.0,38.0,83.0,71.0,46.0,2159.0,2120.0,2115.0,2120.0,2115.0,2080.0,0
Castel Ritaldi,137.0,94.0,138.0,105.0,122.0,112.0,3269.0,3238.0,3253.0,3238.0,3253.0,3212.0,0
Castel Sant'Angelo,94.0,87.0,64.0,61.0,58.0,66.0,1289.0,1244.0,1211.0,1244.0,1211.0,1203.0,1.0
Castel Viscardo,130.0,96.0,115.0,106.0,95.0,97.0,2981.0,2930.0,2898.0,2930.0,2898.0,2857.0,0
Castel del Monte,34.0,32.0,33.0,33.0,46.0,40.0,428.0,417.0,426.0,417.0,426.0,425.0,0
Castel di Lama,324.0,332.0,299.0,294.0,297.0,295.0,8666.0,8659.0,8637.0,8659.0,8637.0,8632.0,1.0
Castel di Tora,14.0,18.0,19.0,19.0,18.0,6.0,289.0,286.0,285.0,286.0,285.0,268.0,0
Castellalto,283.0,309.0,,279.0,281.0,,7492.0,7474.0,,7474.0,7443.0,,0
Castelli,33.0,33.0,,34.0,13.0,,1159.0,1152.0,,1152.0,1117.0,,1.0
Castelnuovo di Farfa,61.0,54.0,65.0,50.0,74.0,41.0,1065.0,1051.0,1062.0,1051.0,1062.0,1030.0,0
Castelraimondo,294.0,201.0,217.0,223.0,246.0,174.0,4676.0,4560.0,4567.0,4560.0,4567.0,4509.0,1.0
Castelsantangelo sul Nera,13.0,10.0,3.0,13.0,4.0,2.0,293.0,289.0,277.0,289.0,277.0,266.0,1.0
Castelvecchio Calvisio,1.0,10.0,3.0,5.0,3.0,4.0,157.0,155.0,145.0,155.0,145.0,142.0,0
Castiglione Messer Raimondo,74.0,81.0,,66.0,48.0,,2340.0,2315.0,,2315.0,2262.0,,0
Castiglione del Lago,488.0,441.0,393.0,298.0,375.0,444.0,15425.0,15167.0,14993.0,15167.0,14993.0,14977.0,0
Castignano,82.0,63.0,73.0,31.0,59.0,55.0,2869.0,2803.0,2785.0,2803.0,2785.0,2752.0,1.0
Castilenti,53.0,59.0,,44.0,17.0,,1548.0,1527.0,,1527.0,1481.0,,0
Castorano,90.0,112.0,103.0,93.0,74.0,109.0,2430.0,2416.0,2371.0,2416.0,2371.0,2372.0,1.0
Celano,304.0,230.0,352.0,276.0,186.0,293.0,10956.0,10928.0,10868.0,10928.0,10868.0,10814.0,0
Cellino Attanasio,83.0,112.0,,61.0,111.0,,2515.0,2472.0,,2472.0,2466.0,,0
Cermignano,66.0,64.0,,60.0,60.0,,1690.0,1663.0,,1663.0,1641.0,,0
Cerreto di Spoleto,28.0,30.0,31.0,17.0,31.0,28.0,1082.0,1068.0,1061.0,1068.0,1061.0,1050.0,1.0
Cessapalombo,6.0,21.0,11.0,17.0,22.0,6.0,521.0,510.0,503.0,510.0,503.0,491.0,1.0
Cingoli,243.0,201.0,285.0,182.0,177.0,175.0,10411.0,10309.0,10245.0,10309.0,10245.0,10064.0,1.0
Citerna,123.0,137.0,147.0,120.0,135.0,103.0,3522.0,3514.0,3502.0,3514.0,3502.0,3442.0,0
Cittaducale,223.0,240.0,261.0,209.0,232.0,231.0,6849.0,6828.0,6799.0,6828.0,6799.0,6733.0,1.0
Cittareale,34.0,38.0,13.0,45.0,37.0,9.0,481.0,486.0,473.0,486.0,473.0,461.0,1.0
Città della Pieve,241.0,197.0,221.0,239.0,235.0,217.0,7758.0,7697.0,7726.0,7697.0,7726.0,7668.0,0
Città di Castello,821.0,803.0,744.0,733.0,682.0,729.0,39804.0,39588.0,39300.0,39588.0,39300.0,39109.0,0
Civitanova Marche,993.0,1036.0,1206.0,1302.0,1257.0,1434.0,41516.0,41727.0,41836.0,41727.0,41836.0,41950.0,0
Civitella del Tronto,197.0,166.0,,168.0,119.0,,5156.0,5078.0,,5078.0,5001.0,,1.0
Collalto Sabino,18.0,29.0,23.0,26.0,25.0,13.0,443.0,445.0,434.0,445.0,434.0,417.0,0
Collazzone,132.0,188.0,163.0,171.0,176.0,158.0,3422.0,3457.0,3432.0,3457.0,3432.0,3421.0,0
Colle di Tora,21.0,30.0,18.0,26.0,18.0,11.0,382.0,382.0,362.0,382.0,362.0,353.0,0
Colledara,60.0,71.0,,40.0,60.0,,2225.0,2181.0,,2181.0,2159.0,,0
Collegiove,16.0,39.0,55.0,38.0,20.0,14.0,200.0,222.0,203.0,222.0,203.0,154.0,0
Collepietro,10.0,11.0,13.0,12.0,10.0,14.0,236.0,235.0,228.0,235.0,228.0,226.0,0
Collevecchio,64.0,60.0,51.0,48.0,47.0,55.0,1600.0,1566.0,1536.0,1566.0,1536.0,1527.0,0
Colli del Tronto,116.0,121.0,130.0,100.0,121.0,139.0,3712.0,3690.0,3696.0,3690.0,3696.0,3716.0,1.0
Colli sul Velino,20.0,34.0,38.0,11.0,25.0,27.0,540.0,532.0,518.0,532.0,518.0,503.0,0
Colmurano,56.0,50.0,49.0,52.0,47.0,42.0,1276.0,1263.0,1256.0,1263.0,1256.0,1242.0,1.0
Colonnella,162.0,159.0,,176.0,143.0,,3720.0,3709.0,,3709.0,3687.0,,0
Comunanza,87.0,113.0,90.0,96.0,70.0,57.0,3159.0,3164.0,3121.0,3164.0,3121.0,3067.0,1.0
Concerviano,12.0,10.0,11.0,8.0,16.0,9.0,300.0,285.0,286.0,285.0,286.0,276.0,0
Configni,17.0,19.0,40.0,26.0,18.0,26.0,625.0,631.0,630.0,631.0,630.0,608.0,0
Contigliano,145.0,178.0,135.0,203.0,193.0,218.0,3686.0,3705.0,3710.0,3705.0,3710.0,3771.0,0
Controguerra,85.0,104.0,,68.0,100.0,,2444.0,2414.0,,2414.0,2392.0,,0
Corciano,872.0,891.0,866.0,808.0,859.0,928.0,21081.0,21046.0,21070.0,21046.0,21070.0,21152.0,0
Corfinio,51.0,32.0,56.0,45.0,44.0,37.0,1071.0,1045.0,1047.0,1045.0,1047.0,1029.0,0
Corridonia,394.0,480.0,494.0,404.0,463.0,462.0,15429.0,15406.0,15404.0,15406.0,15404.0,15359.0,1.0
Corropoli,188.0,201.0,,201.0,247.0,,5022.0,5017.0,,5017.0,5045.0,,0
Cortino,20.0,17.0,,28.0,25.0,,655.0,656.0,,656.0,653.0,,1.0
Cossignano,34.0,18.0,32.0,18.0,22.0,22.0,1006.0,981.0,979.0,981.0,979.0,959.0,1.0
Costacciaro,37.0,40.0,29.0,35.0,25.0,24.0,1231.0,1212.0,1182.0,1212.0,1182.0,1166.0,0
Cottanello,20.0,24.0,46.0,24.0,19.0,19.0,563.0,566.0,561.0,566.0,561.0,532.0,0
Crognaleto,33.0,65.0,,49.0,37.0,,1308.0,1304.0,,1304.0,1263.0,,1.0
Cupra Marittima,140.0,144.0,144.0,161.0,160.0,174.0,5407.0,5410.0,5401.0,5410.0,5401.0,5382.0,0
Deruta,285.0,306.0,309.0,327.0,299.0,353.0,9524.0,9534.0,9516.0,9534.0,9516.0,9557.0,0
Esanatoglia,79.0,57.0,52.0,61.0,52.0,57.0,2074.0,2047.0,2016.0,2047.0,2016.0,1997.0,1.0
Fabro,96.0,96.0,71.0,122.0,86.0,103.0,2871.0,2862.0,2832.0,2862.0,2832.0,2816.0,0
Fagnano Alto,11.0,7.0,12.0,17.0,10.0,18.0,420.0,418.0,412.0,418.0,412.0,415.0,0
Falerone,116.0,122.0,104.0,122.0,142.0,116.0,3344.0,3342.0,3343.0,3342.0,3343.0,3327.0,1.0
Fano Adriano,10.0,14.0,,7.0,12.0,,299.0,291.0,,291.0,286.0,,0
Fara in Sabina,481.0,502.0,488.0,519.0,609.0,545.0,13344.0,13372.0,13483.0,13372.0,13483.0,13539.0,0
Ferentillo,84.0,88.0,67.0,88.0,85.0,53.0,1924.0,1911.0,1894.0,1911.0,1894.0,1866.0,1.0
Fermo,907.0,949.0,1005.0,1018.0,871.0,1252.0,37494.0,37425.0,37200.0,37425.0,37200.0,37101.0,0
Fiamignano,41.0,66.0,54.0,45.0,41.0,36.0,1411.0,1398.0,1350.0,1398.0,1350.0,1316.0,0
Fiastra,13.0,34.0,8.0,29.0,20.0,12.0,687.0,690.0,668.0,690.0,668.0,656.0,1.0
Ficulle,53.0,56.0,63.0,50.0,54.0,36.0,1692.0,1666.0,1651.0,1666.0,1651.0,1609.0,0
Fiuminata,81.0,39.0,59.0,40.0,34.0,32.0,1457.0,1403.0,1379.0,1403.0,1379.0,1326.0,1.0
Folignano,284.0,259.0,375.0,281.0,292.0,318.0,9250.0,9255.0,9296.0,9255.0,9296.0,9234.0,1.0
Foligno,1261.0,1179.0,1375.0,1221.0,1253.0,1306.0,56595.0,56340.0,56215.0,56340.0,56215.0,55870.0,0
Fontecchio,26.0,5.0,24.0,25.0,10.0,15.0,376.0,363.0,357.0,363.0,357.0,338.0,0
Forano,160.0,156.0,131.0,177.0,131.0,148.0,3064.0,3067.0,3038.0,3067.0,3038.0,3042.0,0
Force,19.0,36.0,26.0,21.0,11.0,20.0,1359.0,1357.0,1307.0,1357.0,1307.0,1286.0,1.0
Fossa,38.0,29.0,41.0,46.0,33.0,26.0,714.0,722.0,720.0,722.0,720.0,700.0,0
Fossato di Vico,109.0,118.0,161.0,91.0,107.0,94.0,2804.0,2787.0,2756.0,2787.0,2756.0,2666.0,0
Francavilla d'Ete,32.0,31.0,27.0,28.0,22.0,25.0,986.0,966.0,948.0,966.0,948.0,941.0,0
Frasso Sabino,32.0,26.0,36.0,43.0,45.0,48.0,726.0,734.0,749.0,734.0,749.0,760.0,0
Fratta Todina,56.0,48.0,57.0,33.0,54.0,55.0,1847.0,1810.0,1802.0,1810.0,1802.0,1789.0,0
Gagliole,80.0,53.0,86.0,83.0,68.0,55.0,624.0,631.0,642.0,631.0,642.0,602.0,1.0
Giano dell'Umbria,133.0,127.0,141.0,165.0,151.0,161.0,3792.0,3820.0,3845.0,3820.0,3845.0,3861.0,0
Giove,61.0,76.0,53.0,78.0,64.0,71.0,1944.0,1942.0,1910.0,1942.0,1910.0,1920.0,0
Giulianova,612.0,599.0,,596.0,614.0,,23692.0,23577.0,,23577.0,23491.0,,0
Greccio,73.0,63.0,71.0,58.0,61.0,72.0,1573.0,1543.0,1536.0,1543.0,1536.0,1522.0,0
Grottammare,496.0,492.0,516.0,580.0,654.0,580.0,15916.0,15945.0,16072.0,15945.0,16072.0,16100.0,0
Grottazzolina,95.0,142.0,132.0,143.0,142.0,103.0,3356.0,3390.0,3380.0,3390.0,3380.0,3326.0,0
Gualdo,30.0,25.0,30.0,25.0,23.0,17.0,823.0,806.0,797.0,806.0,797.0,777.0,1.0
Gualdo Cattaneo,189.0,199.0,181.0,132.0,144.0,116.0,6229.0,6120.0,6025.0,6120.0,6025.0,5921.0,0
Gualdo Tadino,315.0,335.0,328.0,267.0,271.0,351.0,15261.0,15103.0,14921.0,15103.0,14921.0,14858.0,0
Guardea,45.0,50.0,64.0,60.0,49.0,52.0,1853.0,1847.0,1842.0,1847.0,1842.0,1814.0,0
Gubbio,453.0,438.0,413.0,395.0,402.0,483.0,32456.0,32195.0,31987.0,32195.0,31987.0,31843.0,0
Isola del Gran Sasso d'Italia,110.0,91.0,,96.0,90.0,,4757.0,4738.0,,4738.0,4729.0,,0
L'Aquila,1885.0,1697.0,1576.0,1568.0,1712.0,1728.0,70371.0,69954.0,69837.0,69954.0,69837.0,69778.0,0
Labro,46.0,44.0,40.0,45.0,28.0,19.0,394.0,390.0,372.0,390.0,372.0,348.0,0
Lapedona,41.0,28.0,30.0,33.0,50.0,52.0,1177.0,1166.0,1186.0,1166.0,1186.0,1195.0,0
Leonessa,74.0,80.0,80.0,65.0,56.0,65.0,2416.0,2390.0,2344.0,2390.0,2344.0,2300.0,1.0
Lisciano Niccone,33.0,22.0,18.0,12.0,19.0,27.0,630.0,607.0,598.0,607.0,598.0,600.0,0
Longone Sabino,29.0,37.0,23.0,32.0,29.0,19.0,604.0,599.0,580.0,599.0,580.0,563.0,0
Loro Piceno,65.0,65.0,72.0,70.0,104.0,46.0,2419.0,2401.0,2418.0,2401.0,2418.0,2363.0,1.0
Lucoli,81.0,65.0,62.0,41.0,45.0,37.0,1056.0,1006.0,983.0,1006.0,983.0,953.0,0
Lugnano in Teverina,41.0,40.0,50.0,38.0,31.0,55.0,1513.0,1491.0,1468.0,1491.0,1468.0,1452.0,0
Macerata,1203.0,1049.0,1271.0,1114.0,969.0,993.0,42699.0,42435.0,42149.0,42435.0,42149.0,41635.0,1.0
Magione,426.0,437.0,420.0,422.0,484.0,454.0,14874.0,14835.0,14859.0,14835.0,14859.0,14827.0,0
Magliano Sabina,137.0,107.0,146.0,123.0,90.0,117.0,3795.0,3748.0,3704.0,3748.0,3704.0,3658.0,0
Magliano de' Marsi,120.0,128.0,130.0,78.0,89.0,100.0,3747.0,3685.0,3638.0,3685.0,3638.0,3607.0,0
Magliano di Tenna,58.0,59.0,48.0,71.0,59.0,107.0,1434.0,1448.0,1438.0,1448.0,1438.0,1487.0,0
Maltignano,79.0,64.0,80.0,62.0,64.0,64.0,2423.0,2398.0,2391.0,2398.0,2391.0,2372.0,1.0
Marcetelli,5.0,7.0,10.0,21.0,3.0,2.0,75.0,88.0,84.0,88.0,84.0,75.0,0
Marsciano,477.0,562.0,534.0,464.0,433.0,437.0,18760.0,18690.0,18491.0,18690.0,18491.0,18335.0,0
Martinsicuro,642.0,652.0,,476.0,672.0,,15928.0,15743.0,,15743.0,15794.0,,0
Massa Fermana,42.0,64.0,51.0,32.0,33.0,35.0,985.0,964.0,933.0,964.0,933.0,909.0,1.0
Massa Martana,103.0,94.0,106.0,125.0,94.0,120.0,3741.0,3747.0,3730.0,3747.0,3730.0,3724.0,0
Massa d'Albe,54.0,73.0,67.0,48.0,50.0,79.0,1487.0,1469.0,1439.0,1469.0,1439.0,1444.0,0
Massignano,84.0,60.0,52.0,56.0,65.0,70.0,1681.0,1632.0,1637.0,1632.0,1637.0,1646.0,0
Matelica,237.0,273.0,339.0,227.0,217.0,204.0,10053.0,9996.0,9875.0,9996.0,9875.0,9666.0,1.0
Micigliano,6.0,11.0,4.0,6.0,10.0,6.0,121.0,122.0,120.0,122.0,120.0,122.0,1.0
Mogliano,149.0,122.0,142.0,96.0,91.0,106.0,4715.0,4650.0,4612.0,4650.0,4612.0,4557.0,1.0
Molina Aterno,11.0,5.0,8.0,6.0,9.0,7.0,398.0,386.0,387.0,386.0,387.0,379.0,0
Mompeo,40.0,22.0,25.0,25.0,19.0,16.0,536.0,519.0,513.0,519.0,513.0,491.0,0
Monsampietro Morico,19.0,18.0,8.0,17.0,8.0,10.0,666.0,658.0,642.0,658.0,642.0,636.0,1.0
Monsampolo del Tronto,162.0,244.0,165.0,190.0,151.0,202.0,4615.0,4640.0,4536.0,4640.0,4536.0,4553.0,0
Montalto delle Marche,46.0,42.0,29.0,28.0,38.0,31.0,2157.0,2118.0,2101.0,2118.0,2101.0,2071.0,1.0
Montappone,32.0,36.0,47.0,34.0,65.0,53.0,1693.0,1674.0,1685.0,1674.0,1685.0,1677.0,1.0
Montasola,20.0,25.0,17.0,11.0,19.0,22.0,394.0,382.0,374.0,382.0,374.0,375.0,0
Monte Castello di Vibio,86.0,48.0,49.0,46.0,55.0,46.0,1613.0,1561.0,1547.0,1561.0,1547.0,1530.0,0
Monte Cavallo,6.0,17.0,5.0,3.0,0.0,1.0,151.0,147.0,132.0,147.0,132.0,128.0,1.0
Monte Giberto,45.0,33.0,19.0,23.0,24.0,27.0,847.0,811.0,792.0,811.0,792.0,788.0,0
Monte Rinaldo,3.0,10.0,9.0,3.0,8.0,3.0,383.0,380.0,371.0,380.0,371.0,360.0,1.0
Monte San Giovanni in Sabina,16.0,34.0,30.0,19.0,28.0,18.0,724.0,724.0,707.0,724.0,707.0,684.0,0
Monte San Giusto,365.0,482.0,278.0,330.0,256.0,279.0,8128.0,8101.0,7885.0,8101.0,7885.0,7864.0,0
Monte San Martino,13.0,22.0,11.0,26.0,13.0,11.0,758.0,763.0,746.0,763.0,746.0,741.0,1.0
Monte San Pietrangeli,103.0,97.0,111.0,77.0,81.0,98.0,2520.0,2465.0,2445.0,2465.0,2445.0,2415.0,0
Monte Santa Maria Tiberina,29.0,38.0,32.0,30.0,24.0,29.0,1190.0,1179.0,1152.0,1179.0,1152.0,1144.0,0
Monte Urano,258.0,284.0,286.0,285.0,228.0,269.0,8298.0,8313.0,8252.0,8313.0,8252.0,8210.0,0
Monte Vidon Combatte,10.0,5.0,17.0,4.0,18.0,16.0,440.0,430.0,439.0,430.0,439.0,435.0,0
Monte Vidon Corrado,37.0,19.0,34.0,18.0,25.0,20.0,757.0,732.0,732.0,732.0,732.0,703.0,1.0
Montebuono,33.0,33.0,37.0,34.0,49.0,55.0,883.0,875.0,880.0,875.0,880.0,886.0,0
Montecassiano,203.0,169.0,198.0,178.0,187.0,201.0,7192.0,7139.0,7137.0,7139.0,7137.0,7107.0,0
Montecastrilli,233.0,130.0,139.0,151.0,172.0,157.0,5083.0,4966.0,4988.0,4966.0,4988.0,4973.0,0
Montecchio,42.0,61.0,65.0,66.0,65.0,60.0,1672.0,1679.0,1666.0,1679.0,1666.0,1640.0,0
Montecosaro,248.0,261.0,232.0,302.0,277.0,327.0,7020.0,7082.0,7116.0,7082.0,7116.0,7212.0,0
Montedinove,24.0,18.0,23.0,11.0,39.0,16.0,503.0,488.0,503.0,488.0,503.0,488.0,1.0
Montefalco,163.0,141.0,165.0,157.0,139.0,145.0,5693.0,5649.0,5601.0,5649.0,5601.0,5544.0,0
Montefalcone Appennino,15.0,16.0,19.0,8.0,18.0,8.0,435.0,427.0,426.0,427.0,426.0,414.0,1.0
Montefano,120.0,131.0,115.0,123.0,99.0,119.0,3542.0,3521.0,3484.0,3521.0,3484.0,3468.0,0
Montefino,27.0,35.0,,18.0,35.0,,1051.0,1040.0,,1040.0,1036.0,,0
Montefiore dell'Aso,68.0,53.0,87.0,69.0,53.0,62.0,2140.0,2118.0,2100.0,2118.0,2100.0,2055.0,0
Montefortino,31.0,39.0,28.0,28.0,18.0,18.0,1196.0,1184.0,1149.0,1184.0,1149.0,1126.0,1.0
Montefranco,46.0,58.0,38.0,64.0,63.0,62.0,1259.0,1265.0,1269.0,1265.0,1269.0,1288.0,1.0
Montegabbione,33.0,42.0,54.0,24.0,34.0,41.0,1236.0,1219.0,1192.0,1219.0,1192.0,1168.0,0
Montegallo,21.0,17.0,11.0,12.0,31.0,11.0,531.0,517.0,517.0,517.0,517.0,505.0,1.0
Montegiorgio,237.0,196.0,201.0,191.0,179.0,174.0,6947.0,6855.0,6802.0,6855.0,6802.0,6724.0,1.0
Montegranaro,312.0,293.0,336.0,279.0,279.0,341.0,13004.0,12930.0,12864.0,12930.0,12864.0,12808.0,0
Monteleone Sabino,41.0,34.0,34.0,46.0,46.0,31.0,1226.0,1223.0,1234.0,1223.0,1234.0,1227.0,0
Monteleone d'Orvieto,53.0,66.0,46.0,35.0,49.0,63.0,1507.0,1463.0,1432.0,1463.0,1432.0,1426.0,0
Monteleone di Fermo,16.0,11.0,3.0,11.0,7.0,2.0,398.0,390.0,383.0,390.0,383.0,380.0,1.0
Monteleone di Spoleto,19.0,21.0,16.0,15.0,19.0,26.0,604.0,595.0,581.0,595.0,581.0,590.0,1.0
Montelparo,16.0,20.0,24.0,19.0,20.0,23.0,790.0,779.0,764.0,779.0,764.0,753.0,1.0
Montelupone,99.0,135.0,135.0,141.0,130.0,125.0,3552.0,3583.0,3577.0,3583.0,3577.0,3562.0,0
Montemonaco,22.0,27.0,9.0,8.0,5.0,7.0,638.0,616.0,586.0,616.0,586.0,576.0,1.0
Montenero Sabino,6.0,8.0,17.0,7.0,4.0,9.0,300.0,300.0,292.0,300.0,292.0,282.0,0
Monteprandone,365.0,486.0,402.0,310.0,431.0,474.0,12770.0,12680.0,12628.0,12680.0,12628.0,12696.0,0
Montereale,97.0,106.0,57.0,59.0,75.0,53.0,2641.0,2589.0,2533.0,2589.0,2533.0,2481.0,1.0
Monterubbiano,60.0,94.0,53.0,61.0,56.0,71.0,2272.0,2246.0,2188.0,2246.0,2188.0,2179.0,0
Montone,60.0,56.0,74.0,55.0,55.0,63.0,1676.0,1668.0,1655.0,1668.0,1655.0,1626.0,0
Montopoli di Sabina,148.0,202.0,159.0,153.0,128.0,168.0,4256.0,4246.0,4144.0,4246.0,4144.0,4142.0,0
Montorio al Vomano,176.0,235.0,,166.0,152.0,,8246.0,8212.0,,8212.0,8085.0,,1.0
Montottone,43.0,34.0,48.0,28.0,43.0,20.0,1015.0,985.0,984.0,985.0,984.0,946.0,0
Moresco,27.0,20.0,29.0,14.0,10.0,24.0,614.0,596.0,580.0,596.0,580.0,572.0,0
Morro Reatino,13.0,20.0,28.0,24.0,29.0,20.0,365.0,376.0,381.0,376.0,381.0,367.0,0
Morro d'Oro,86.0,123.0,,90.0,91.0,,3677.0,3669.0,,3669.0,3617.0,,0
Morrovalle,387.0,340.0,376.0,317.0,304.0,272.0,10229.0,10157.0,10112.0,10157.0,10112.0,10001.0,0
Mosciano Sant'Angelo,302.0,285.0,,310.0,330.0,,9278.0,9252.0,,9252.0,9293.0,,0
Muccia,23.0,26.0,26.0,39.0,27.0,14.0,920.0,920.0,913.0,920.0,913.0,899.0,1.0
Narni,466.0,508.0,533.0,448.0,407.0,425.0,19739.0,19564.0,19307.0,19564.0,19307.0,19048.0,0
Navelli,19.0,19.0,33.0,20.0,39.0,7.0,581.0,575.0,590.0,575.0,590.0,558.0,0
Nereto,182.0,198.0,,229.0,194.0,,5172.0,5188.0,,5188.0,5185.0,,0
Nespolo,16.0,8.0,14.0,3.0,9.0,3.0,250.0,237.0,236.0,237.0,236.0,224.0,0
Nocera Umbra,125.0,133.0,147.0,124.0,121.0,143.0,5845.0,5801.0,5742.0,5801.0,5742.0,5679.0,0
Norcia,130.0,101.0,110.0,178.0,137.0,44.0,4926.0,4950.0,4972.0,4950.0,4972.0,4868.0,1.0
Notaresco,305.0,335.0,,311.0,317.0,,6793.0,6752.0,,6752.0,6717.0,,0
Ocre,35.0,44.0,47.0,43.0,44.0,37.0,1165.0,1174.0,1172.0,1174.0,1172.0,1160.0,0
Ofena,13.0,24.0,30.0,15.0,8.0,20.0,505.0,497.0,483.0,497.0,483.0,466.0,0
Offida,132.0,95.0,109.0,122.0,74.0,119.0,5094.0,5044.0,4988.0,5044.0,4988.0,4949.0,1.0
Ortezzano,33.0,23.0,21.0,29.0,34.0,17.0,794.0,776.0,779.0,776.0,779.0,768.0,1.0
Orvieto,484.0,517.0,526.0,599.0,525.0,524.0,20856.0,20797.0,20665.0,20797.0,20665.0,20488.0,0
Orvinio,40.0,30.0,29.0,38.0,25.0,29.0,419.0,411.0,399.0,411.0,399.0,396.0,0
Otricoli,86.0,76.0,72.0,79.0,79.0,52.0,1897.0,1878.0,1873.0,1878.0,1873.0,1835.0,0
Ovindoli,58.0,62.0,43.0,44.0,46.0,33.0,1237.0,1227.0,1204.0,1227.0,1204.0,1183.0,0
Paciano,38.0,45.0,32.0,48.0,42.0,48.0,971.0,981.0,973.0,981.0,973.0,989.0,0
Paganico Sabino,12.0,12.0,11.0,10.0,15.0,4.0,182.0,177.0,176.0,177.0,176.0,165.0,0
Palmiano,3.0,8.0,6.0,8.0,4.0,4.0,194.0,196.0,189.0,196.0,189.0,186.0,1.0
Panicale,170.0,201.0,176.0,208.0,174.0,230.0,5667.0,5659.0,5571.0,5659.0,5571.0,5591.0,0
Parrano,47.0,20.0,15.0,21.0,26.0,13.0,565.0,530.0,527.0,530.0,527.0,521.0,0
Passignano sul Trasimeno,219.0,186.0,212.0,190.0,173.0,187.0,5706.0,5651.0,5609.0,5651.0,5609.0,5564.0,0
Pedaso,156.0,137.0,141.0,135.0,151.0,162.0,2796.0,2773.0,2781.0,2773.0,2781.0,2801.0,0
Penna San Giovanni,50.0,42.0,25.0,36.0,28.0,25.0,1121.0,1097.0,1068.0,1097.0,1068.0,1055.0,1.0
Penna Sant'Andrea,111.0,47.0,,66.0,125.0,,1710.0,1657.0,,1657.0,1734.0,,0
Penna in Teverina,35.0,39.0,37.0,45.0,39.0,36.0,1096.0,1099.0,1094.0,1099.0,1094.0,1085.0,0
Perugia,3311.0,3418.0,4703.0,4223.0,4357.0,4548.0,164227.0,164633.0,165106.0,164633.0,165106.0,164371.0,0
Pescorocchiano,70.0,57.0,65.0,41.0,56.0,90.0,2111.0,2057.0,2027.0,2057.0,2027.0,2031.0,0
Petrella Salto,49.0,56.0,61.0,52.0,55.0,41.0,1178.0,1172.0,1155.0,1172.0,1155.0,1121.0,0
Petriolo,73.0,59.0,57.0,68.0,59.0,33.0,1984.0,1984.0,1980.0,1984.0,1980.0,1943.0,1.0
Petritoli,71.0,59.0,59.0,49.0,49.0,85.0,2374.0,2337.0,2305.0,2337.0,2305.0,2294.0,0
Piegaro,149.0,106.0,136.0,99.0,112.0,112.0,3706.0,3638.0,3611.0,3638.0,3611.0,3554.0,0
Pietracamela,18.0,7.0,,9.0,4.0,,285.0,271.0,,271.0,263.0,,0
Pietralunga,52.0,47.0,56.0,52.0,60.0,44.0,2096.0,2090.0,2083.0,2090.0,2083.0,2053.0,0
Pieve Torina,53.0,76.0,48.0,59.0,78.0,18.0,1467.0,1461.0,1443.0,1461.0,1443.0,1396.0,1.0
Pineto,424.0,523.0,,520.0,635.0,,14846.0,14935.0,,14935.0,15029.0,,0
Pioraco,116.0,42.0,84.0,59.0,80.0,44.0,1205.0,1130.0,1162.0,1130.0,1162.0,1110.0,1.0
Pizzoli,183.0,169.0,181.0,226.0,333.0,264.0,4125.0,4193.0,4366.0,4193.0,4366.0,4439.0,0
Poggio Bustone,80.0,72.0,82.0,62.0,44.0,71.0,2107.0,2072.0,2041.0,2072.0,2041.0,2024.0,1.0
Poggio Catino,57.0,75.0,41.0,59.0,41.0,35.0,1341.0,1341.0,1297.0,1341.0,1297.0,1282.0,0
Poggio Mirteto,284.0,259.0,267.0,313.0,284.0,320.0,6172.0,6192.0,6204.0,6192.0,6204.0,6225.0,0
Poggio Moiano,121.0,110.0,130.0,102.0,104.0,113.0,2842.0,2810.0,2795.0,2810.0,2795.0,2759.0,0
Poggio Nativo,92.0,129.0,117.0,143.0,103.0,99.0,2555.0,2612.0,2571.0,2612.0,2571.0,2539.0,0
Poggio Picenze,72.0,45.0,87.0,70.0,49.0,30.0,1133.0,1122.0,1131.0,1122.0,1131.0,1076.0,0
Poggio San Lorenzo,12.0,29.0,42.0,21.0,19.0,17.0,590.0,595.0,573.0,595.0,573.0,543.0,0
Poggio San Vicino,24.0,10.0,11.0,10.0,8.0,13.0,272.0,253.0,248.0,253.0,248.0,246.0,1.0
Poggiodomo,9.0,4.0,7.0,7.0,0.0,1.0,128.0,119.0,114.0,119.0,114.0,103.0,1.0
Polino,5.0,5.0,9.0,2.0,12.0,3.0,236.0,234.0,242.0,234.0,242.0,235.0,1.0
Pollenza,196.0,212.0,225.0,208.0,210.0,214.0,6663.0,6650.0,6637.0,6650.0,6637.0,6606.0,1.0
Ponzano di Fermo,68.0,63.0,64.0,43.0,43.0,62.0,1702.0,1674.0,1649.0,1674.0,1649.0,1642.0,0
Porano,108.0,77.0,56.0,71.0,92.0,82.0,2023.0,1975.0,1977.0,1975.0,1977.0,1988.0,0
Porto Recanati,568.0,570.0,630.0,533.0,547.0,660.0,12214.0,12163.0,12153.0,12163.0,12153.0,12178.0,0
Porto San Giorgio,371.0,451.0,471.0,540.0,523.0,600.0,15967.0,16055.0,16025.0,16055.0,16025.0,16031.0,0
Porto Sant'Elpidio,931.0,781.0,834.0,776.0,851.0,936.0,25915.0,25694.0,25764.0,25694.0,25764.0,25795.0,0
Posta,21.0,36.0,39.0,26.0,19.0,22.0,684.0,684.0,659.0,684.0,659.0,634.0,1.0
Potenza Picena,401.0,471.0,409.0,378.0,435.0,491.0,15986.0,15892.0,15797.0,15892.0,15797.0,15796.0,0
Pozzaglia Sabina,28.0,21.0,21.0,34.0,11.0,18.0,366.0,363.0,340.0,363.0,340.0,331.0,0
Prata d'Ansidonia,17.0,23.0,9.0,17.0,28.0,10.0,490.0,491.0,492.0,491.0,492.0,480.0,0
Preci,51.0,26.0,23.0,33.0,28.0,16.0,739.0,715.0,709.0,715.0,709.0,697.0,1.0
Rapagnano,72.0,82.0,81.0,70.0,45.0,44.0,2148.0,2143.0,2099.0,2143.0,2099.0,2057.0,0
Recanati,471.0,475.0,449.0,436.0,472.0,559.0,21339.0,21214.0,21140.0,21214.0,21140.0,21118.0,0
Rieti,976.0,1123.0,1079.0,1193.0,1341.0,1329.0,47308.0,47295.0,47260.0,47295.0,47260.0,47241.0,1.0
Ripatransone,128.0,154.0,128.0,157.0,118.0,118.0,4347.0,4344.0,4286.0,4344.0,4286.0,4257.0,0
Ripe San Ginesio,53.0,34.0,22.0,41.0,31.0,19.0,873.0,854.0,850.0,854.0,850.0,845.0,1.0
Rivodutri,53.0,61.0,49.0,48.0,30.0,41.0,1271.0,1250.0,1217.0,1250.0,1217.0,1197.0,1.0
Rocca Santa Maria,16.0,12.0,,17.0,5.0,,540.0,531.0,,531.0,512.0,,1.0
Rocca Sinibalda,39.0,52.0,39.0,32.0,32.0,40.0,825.0,804.0,778.0,804.0,778.0,768.0,0
Rocca di Cambio,20.0,22.0,25.0,40.0,25.0,10.0,502.0,516.0,515.0,516.0,515.0,495.0,0
Rocca di Mezzo,47.0,67.0,74.0,67.0,69.0,48.0,1527.0,1530.0,1511.0,1530.0,1511.0,1478.0,0
Roccacasale,27.0,14.0,24.0,22.0,12.0,26.0,685.0,674.0,668.0,674.0,668.0,658.0,0
Roccafluvione,46.0,45.0,30.0,30.0,50.0,35.0,2054.0,2015.0,2005.0,2015.0,2005.0,1992.0,1.0
Roccantica,34.0,21.0,13.0,32.0,27.0,14.0,550.0,548.0,550.0,548.0,550.0,544.0,0
Roseto degli Abruzzi,761.0,849.0,,736.0,922.0,,25415.0,25350.0,,25350.0,25362.0,,0
Rotella,12.0,44.0,26.0,35.0,24.0,11.0,896.0,914.0,892.0,914.0,892.0,876.0,1.0
Salisano,27.0,26.0,27.0,25.0,23.0,16.0,565.0,558.0,547.0,558.0,547.0,534.0,0
San Benedetto del Tronto,1109.0,1140.0,1191.0,1350.0,1488.0,1439.0,47378.0,47386.0,47475.0,47386.0,47475.0,47400.0,0
San Benedetto in Perillis,3.0,5.0,8.0,4.0,5.0,4.0,114.0,110.0,104.0,110.0,104.0,98.0,0
San Demetrio ne' Vestini,87.0,55.0,40.0,82.0,95.0,69.0,1829.0,1825.0,1858.0,1825.0,1858.0,1884.0,0
San Gemini,152.0,153.0,128.0,129.0,187.0,128.0,5033.0,4995.0,5006.0,4995.0,5006.0,4971.0,0
San Ginesio,109.0,111.0,85.0,124.0,89.0,61.0,3571.0,3526.0,3472.0,3526.0,3472.0,3401.0,1.0
San Giustino,361.0,358.0,336.0,307.0,327.0,377.0,11272.0,11185.0,11113.0,11185.0,11113.0,11086.0,0
San Pio delle Camere,63.0,36.0,26.0,45.0,43.0,27.0,679.0,662.0,669.0,662.0,669.0,673.0,0
San Severino Marche,234.0,241.0,253.0,218.0,252.0,164.0,12813.0,12723.0,12647.0,12723.0,12647.0,12484.0,1.0
San Venanzo,74.0,44.0,73.0,69.0,73.0,73.0,2236.0,2212.0,2214.0,2212.0,2214.0,2192.0,0
Sant'Anatolia di Narco,24.0,29.0,33.0,33.0,18.0,30.0,569.0,573.0,564.0,573.0,564.0,554.0,1.0
Sant'Angelo in Pontano,76.0,43.0,65.0,57.0,45.0,48.0,1469.0,1436.0,1420.0,1436.0,1420.0,1375.0,1.0
Sant'Egidio alla Vibrata,210.0,256.0,,240.0,187.0,,9858.0,9890.0,,9890.0,9827.0,,0
Sant'Elpidio a Mare,557.0,547.0,524.0,554.0,555.0,613.0,17204.0,17152.0,17115.0,17152.0,17115.0,17156.0,0
Sant'Eusanio Forconese,7.0,8.0,6.0,7.0,16.0,2.0,401.0,394.0,398.0,394.0,398.0,393.0,0
Sant'Omero,209.0,207.0,,82.0,255.0,,5336.0,5184.0,,5184.0,5226.0,,0
Santa Vittoria in Matenano,38.0,35.0,30.0,24.0,30.0,39.0,1362.0,1338.0,1328.0,1338.0,1328.0,1326.0,1.0
Sante Marie,51.0,50.0,59.0,35.0,54.0,70.0,1202.0,1168.0,1157.0,1168.0,1157.0,1157.0,0
Santo Stefano di Sessanio,6.0,7.0,4.0,2.0,11.0,5.0,116.0,111.0,114.0,111.0,114.0,109.0,0
Sarnano,103.0,78.0,73.0,96.0,103.0,72.0,3273.0,3234.0,3235.0,3234.0,3235.0,3195.0,1.0
Scandriglia,154.0,144.0,195.0,137.0,190.0,190.0,3078.0,3047.0,3085.0,3047.0,3085.0,3071.0,0
Scheggia e Pascelupo,55.0,48.0,43.0,47.0,41.0,33.0,1410.0,1389.0,1372.0,1389.0,1372.0,1342.0,0
Scheggino,29.0,23.0,25.0,19.0,16.0,29.0,482.0,465.0,451.0,465.0,451.0,452.0,1.0
Scoppito,176.0,181.0,131.0,184.0,185.0,187.0,3710.0,3723.0,3737.0,3723.0,3737.0,3806.0,0
Secinaro,18.0,8.0,12.0,13.0,15.0,14.0,366.0,355.0,355.0,355.0,355.0,348.0,0
Sefro,22.0,18.0,38.0,7.0,20.0,33.0,433.0,415.0,413.0,415.0,413.0,396.0,1.0
Selci,53.0,33.0,42.0,43.0,28.0,42.0,1104.0,1092.0,1086.0,1092.0,1086.0,1085.0,0
Sellano,55.0,48.0,28.0,32.0,51.0,21.0,1118.0,1080.0,1075.0,1080.0,1075.0,1053.0,1.0
Serrapetrona,29.0,30.0,38.0,38.0,35.0,20.0,964.0,964.0,957.0,964.0,957.0,928.0,1.0
Serravalle di Chienti,41.0,51.0,38.0,46.0,38.0,66.0,1093.0,1077.0,1053.0,1077.0,1053.0,1065.0,1.0
Servigliano,70.0,89.0,71.0,78.0,77.0,61.0,2350.0,2343.0,2311.0,2343.0,2311.0,2271.0,1.0
Sigillo,61.0,86.0,56.0,77.0,59.0,64.0,2426.0,2408.0,2373.0,2408.0,2373.0,2361.0,0
Silvi,503.0,499.0,,521.0,505.0,,15509.0,15522.0,,15522.0,15519.0,,0
Smerillo,14.0,8.0,13.0,5.0,12.0,12.0,377.0,363.0,363.0,363.0,363.0,351.0,1.0
Spello,241.0,270.0,246.0,230.0,261.0,256.0,8711.0,8634.0,8571.0,8634.0,8571.0,8552.0,0
Spinetoli,304.0,269.0,226.0,255.0,305.0,154.0,7263.0,7214.0,7237.0,7214.0,7237.0,7137.0,0
Spoleto,815.0,662.0,675.0,697.0,646.0,916.0,38412.0,37996.0,37803.0,37996.0,37803.0,37734.0,1.0
Stimigliano,94.0,102.0,131.0,73.0,95.0,103.0,2336.0,2322.0,2322.0,2322.0,2322.0,2283.0,0
Stroncone,175.0,181.0,207.0,175.0,167.0,169.0,4889.0,4873.0,4844.0,4873.0,4844.0,4770.0,0
Tarano,70.0,52.0,68.0,95.0,69.0,68.0,1391.0,1411.0,1417.0,1411.0,1417.0,1412.0,0
Teramo,1200.0,1222.0,,1316.0,1361.0,,55043.0,54939.0,,54939.0,54870.0,,1.0
Terni,2142.0,1959.0,1901.0,2453.0,2544.0,2394.0,111383.0,111028.0,110949.0,111028.0,110949.0,110777.0,0
Tione degli Abruzzi,18.0,19.0,11.0,18.0,17.0,10.0,321.0,313.0,299.0,313.0,299.0,289.0,0
Todi,433.0,550.0,414.0,311.0,392.0,409.0,16618.0,16401.0,16148.0,16401.0,16148.0,16002.0,0
Toffia,46.0,73.0,42.0,42.0,37.0,64.0,1080.0,1074.0,1039.0,1074.0,1039.0,1061.0,0
Tolentino,621.0,620.0,614.0,428.0,480.0,316.0,20227.0,19946.0,19709.0,19946.0,19709.0,19281.0,1.0
Torano Nuovo,46.0,42.0,,40.0,25.0,,1626.0,1612.0,,1612.0,1594.0,,0
Torgiano,249.0,244.0,279.0,233.0,244.0,187.0,6647.0,6634.0,6623.0,6634.0,6623.0,6518.0,0
Tornimparte,145.0,133.0,102.0,135.0,105.0,118.0,3161.0,3147.0,3106.0,3147.0,3106.0,3109.0,0
Torre San Patrizio,130.0,118.0,105.0,105.0,107.0,92.0,2083.0,2049.0,2020.0,2049.0,2020.0,1992.0,0
Torri in Sabina,48.0,29.0,31.0,43.0,47.0,39.0,1245.0,1232.0,1231.0,1232.0,1231.0,1218.0,0
Torricella Sicura,82.0,91.0,,96.0,79.0,,2667.0,2653.0,,2653.0,2644.0,,1.0
Torricella in Sabina,49.0,62.0,80.0,79.0,71.0,106.0,1331.0,1341.0,1342.0,1341.0,1342.0,1361.0,0
Tortoreto,441.0,512.0,,511.0,574.0,,11277.0,11346.0,,11346.0,11424.0,,0
Tossicia,34.0,49.0,,54.0,30.0,,1396.0,1404.0,,1404.0,1377.0,,1.0
Treia,252.0,215.0,225.0,206.0,278.0,232.0,9502.0,9390.0,9412.0,9390.0,9412.0,9336.0,1.0
Trevi,275.0,294.0,257.0,228.0,202.0,281.0,8479.0,8419.0,8291.0,8419.0,8291.0,8266.0,0
Tuoro sul Trasimeno,114.0,100.0,116.0,105.0,125.0,106.0,3837.0,3787.0,3791.0,3787.0,3791.0,3761.0,0
Umbertide,396.0,465.0,450.0,442.0,426.0,420.0,16533.0,16538.0,16439.0,16538.0,16439.0,16344.0,0
Urbisaglia,85.0,79.0,62.0,79.0,77.0,68.0,2644.0,2619.0,2597.0,2619.0,2597.0,2585.0,1.0
Ussita,18.0,15.0,27.0,25.0,20.0,4.0,441.0,447.0,444.0,447.0,444.0,415.0,1.0
Vacone,13.0,14.0,13.0,11.0,7.0,10.0,258.0,253.0,241.0,253.0,241.0,233.0,0
Valfabbrica,86.0,72.0,70.0,63.0,98.0,82.0,3401.0,3353.0,3362.0,3353.0,3362.0,3362.0,0
Valle Castellana,48.0,24.0,,24.0,37.0,,1003.0,966.0,,966.0,961.0,,1.0
Vallo di Nera,19.0,10.0,22.0,14.0,22.0,12.0,375.0,368.0,380.0,368.0,380.0,365.0,1.0
Valtopina,92.0,31.0,40.0,44.0,45.0,35.0,1432.0,1376.0,1381.0,1376.0,1381.0,1366.0,0
Varco Sabino,14.0,14.0,19.0,11.0,17.0,9.0,193.0,185.0,184.0,185.0,184.0,169.0,0
Venarotta,47.0,66.0,53.0,45.0,69.0,40.0,2111.0,2079.0,2072.0,2079.0,2072.0,2054.0,1.0
Villa Sant'Angelo,18.0,20.0,9.0,27.0,11.0,19.0,436.0,440.0,429.0,440.0,429.0,436.0,0
Villa Santa Lucia degli Abruzzi,3.0,6.0,4.0,7.0,0.0,4.0,127.0,125.0,111.0,125.0,111.0,108.0,0
Visso,39.0,30.0,33.0,14.0,39.0,9.0,1148.0,1108.0,1106.0,1108.0,1106.0,1074.0,1.0
