Comune,Distance_from_big
Ripatransone,11.503605406957439
Trecastelli,46.56743344330544
Massa Fermana,16.838095722280023
Monsampietro Morico,17.30270964319248
Servigliano,21.099886752049795
Montappone,18.537389994004105
Amandola,23.512348236718918
Petritoli,11.574538153883939
Sant'Elpidio a Mare,4.055990799580239
Santa Vittoria in Matenano,19.594816386320097
Orciano di Pesaro,52.28041564153022
Monteciccardo,57.15637570593891
Montefano,9.37691644469756
Mombaroccio,58.83356990391798
San Lorenzo in Campo,43.79127304632197
Pesaro,66.82729688408337
Saltara,55.69498653170725
Montecassiano,6.674128205338414
Monte Cavallo,16.112462168117222
Tavullia,63.48776318115616
Spinetoli,9.980937279698969
Pietrarubbia,40.824665077657514
Piandimeleto,35.26033291486673
Piobbico,26.291652675821247
Mondavio,50.77100148214323
Monte Grimano Terme,49.70800090895671
Castelsantangelo sul Nera,31.683842739665355
Montecalvo in Foglia,51.38604388723627
Sassoferrato,26.227832513488497
Roccafluvione,10.551513330969463
Rotella,10.865885109558246
San Benedetto del Tronto,0.0
Falconara Marittima,27.54531688313487
Sant'Angelo in Vado,27.800908279241455
Venarotta,6.7106644149590045
Offida,13.520462318564821
Fabriano,29.119932164089096
Lunano,37.13039806638466
Acqualagna,34.29734991812752
Cantiano,16.567648416220273
Frontone,23.66688164924171
Auditore,51.30674609462428
Carpegna,36.353489827213124
Frontino,36.91353527422226
Barchi,49.0568614241674
Macerata Feltria,43.78297678514108
Mercatino Conca,51.25071394270565
Montalto delle Marche,16.340756659539167
Palmiano,11.02165907551421
Montefiore dell'Aso,12.775335866801957
Massignano,14.159619019484397
Monsampolo del Tronto,7.489206282302605
Grottammare,6.120050034500582
Maltignano,9.923354718800553
Montemonaco,22.537796646899437
Montegallo,19.314302839993992
Monteprandone,3.7899871016771187
Montedinove,13.740941596383236
Gabicce Mare,70.77462989607596
Borgo Pace,21.913949985022636
Fossombrone,42.468243303374614
Fratte Rosa,45.24664444186891
Cagli,27.29106521584393
Isola del Piano,48.17877076290225
Cartoceto,57.72909539535535
San Costanzo,54.72235586529236
Mercatello sul Metauro,22.17554135134689
Gradara,68.81523448331791
Apecchio,18.63868629232311
Fermignano,38.47784483908235
Belforte all'Isauro,31.209594440647173
Montelupone,6.5499722960157065
Polverigi,18.344435592655714
Gualdo,27.46221194176188
Castelleone di Suasa,47.224470151200606
Monsano,28.157103737009457
Apiro,29.127705880257007
Senigallia,40.99778127166144
Appignano,10.503451513637051
Belforte del Chienti,22.883344736386135
Castelfidardo,7.470937890845395
Bolognola,32.2290575886792
Fiordimonte,25.477172045927073
Montecarotto,39.468037931342444
Chiaravalle,28.370355323008916
Offagna,15.919966578320265
Castelraimondo,33.07330452887283
Rosora,38.03194841054563
Staffolo,25.735629457113827
Poggio San Marcello,37.885744654022986
Ostra Vetere,43.39188252577556
Fiastra,31.41410867656229
Loro Piceno,15.635011958619435
Serra San Quirico,36.7304283997629
Monte Roberto,30.01885821993001
Morro d'Alba,34.1537579839901
Corinaldo,47.924592759850796
Gagliole,31.178693242430118
Esanatoglia,30.725026809209663
Corridonia,7.4967362890930325
Fiuminata,22.767555279322828
Sirolo,14.233550749818948
Cerreto d'Esi,36.214033612425425
Acquacanina,32.21909344636237
Camerino,29.028649052689453
Camporotondo di Fiastrone,24.00741281714204
Cupramontana,31.294984013892147
Osimo,10.799434096883964
Macerata,0.0
Castelplanio,35.95388557570023
Monte San Vito,30.53629560886896
Numana,11.8161816543968
Caldarola,28.27741008477871
Ostra,39.4979295560606
Genga,33.24940770744976
Montemarciano,32.33575758060189
Mondolfo,50.96442646728262
Serrungarina,53.38352469163205
Castelbellino,31.82821819761323
Serra Sant'Abbondio,24.816762356441405
Camerano,13.86518965032879
Camerata Picena,24.08173679662596
Peglio,34.67038435986289
Belvedere Ostrense,35.57668946063999
Jesi,25.2747715090399
Loreto,7.943707527200047
San Paolo di Jesi,28.113807935695203
Montelabbate,59.72122153713743
Santa Maria Nuova,19.296283619174517
San Giorgio di Pesaro,55.80811728788455
Agugliano,21.705252747032315
Mergo,38.67901773725905
Urbino,44.627770727133345
Civitanova Marche,0.0
Sassocorvaro,43.43274261532472
Pergola,35.30315962851738
San Marcello,31.77605959880386
Montefelcino,51.41297908170429
Arcevia,39.369788427265334
Barbara,45.82239098375402
Monte Cerignone,46.95715362330484
Montemaggiore al Metauro,55.55200742096992
Monte Porzio,51.33162551046965
Cessapalombo,29.40395234122542
Sant'Ippolito,47.433233749955654
Montecopiolo,44.94535041609488
Petriano,51.98091914947862
Sassofeltrio,52.97198377023096
Piagge,57.279158022519844
Filottrano,15.385694322584989
Tavoleto,51.73907380197906
Serra de' Conti,42.7507528150716
Cingoli,19.939993029697554
Recanati,0.0
Acquasanta Terme,16.607249785012886
Force,13.663707721101028
Visso,21.70870354049208
San Severino Marche,22.838423969371316
Matelica,34.775134209168215
Colmurano,16.819595028307162
Mogliano,12.97311614421094
Ripe San Ginesio,18.995623450435065
San Ginesio,25.073345799531292
Monte San Giusto,11.901644635894176
Maiolati Spontini,33.74255259731517
Monte San Martino,22.951909432903715
Urbania,31.70069306082529
Ancona,19.326975226000084
Appignano del Tronto,8.928108885570452
Sant'Angelo in Pontano,22.604892290118023
Acquaviva Picena,6.17545610034803
Pioraco,28.10288801763762
Muccia,21.66453395209705
Tolentino,15.495861236635072
Arquata del Tronto,25.280519209181328
Cossignano,16.916353162504105
Sefro,21.762188858972916
Cupra Marittima,10.601398245460084
Pievebovigliana,29.35700507757334
Montecosaro,4.34972136338639
Treia,11.077415527079134
Urbisaglia,12.018791411377297
Folignano,7.319492429588945
Penna San Giovanni,26.063890452429607
Comunanza,14.516861422637495
Castignano,10.535394934163753
Poggio San Vicino,31.53612765543382
Serravalle di Chienti,13.6885430528498
Castorano,12.324909104703785
Colli del Tronto,12.597525554867472
Serrapetrona,26.309929860792824
Potenza Picena,7.16688550859794
Pollenza,9.152394125311812
Morrovalle,8.791620589556025
Ussita,30.54964366520641
Sarnano,30.0434407045353
Porto Recanati,9.969347002462571
Castel di Lama,11.234132543279028
Petriolo,9.331150776287846
Pieve Torina,20.06359192707767
Ascoli Piceno,0.0
Carassai,15.348461028946252
Fano,62.914093169465595
Montefortino,23.25129313159346
Ponzano di Fermo,7.515155921478036
Rapagnano,8.878732871021201
Fermo,0.0
Porto San Giorgio,5.963600091591699
Smerillo,20.2897685893009
Vallefoglia,57.31298549053007
Montottone,14.662079965650753
Campofilone,12.391684317005877
Falerone,21.487751673862828
Ortezzano,16.964451072663763
Porto Sant'Elpidio,0.0
Altidona,9.763900943632313
Francavilla d'Ete,14.065028690232342
Grottazzolina,10.568471028322568
Belmonte Piceno,16.12440909787095
Magliano di Tenna,10.614275272732307
Pedaso,12.44724149959399
Montegranaro,9.57515283571058
Monteleone di Fermo,18.96416074100043
Lapedona,7.542460690553107
Monterubbiano,7.85771451449839
Monte Giberto,10.67991870127814
Torre San Patrizio,8.326359428546596
Monte San Pietrangeli,12.022696272162158
Monte Urano,5.407112636461891
Montegiorgio,14.590647427495124
Monte Vidon Combatte,14.039271167047588
Monte Vidon Corrado,19.292068900869587
Moresco,9.496961727249403
Montelparo,18.120832636633732
Monte Rinaldo,18.26599093576574
Montefalcone Appennino,17.86052076536412
Tuoro sul Trasimeno,19.74381379910452
Polino,16.55931872770226
Narni,14.650613878283332
Gualdo Tadino,18.962093938062736
Guardea,18.242763109816686
Lugnano in Teverina,22.782798570477837
Monte Santa Maria Tiberina,9.76442396320504
Sigillo,15.40996872488167
Castel Giorgio,14.30555790864876
Castel Viscardo,11.342750353516816
Spello,9.630034787325492
Umbertide,17.518462283958176
San Venanzo,15.880948067035094
Baschi,11.586544108597952
Calvi dell'Umbria,21.294607391685965
Costacciaro,13.127964909707083
Porano,7.616939801052282
San Gemini,10.451026282177278
Attigliano,26.026310681261595
Citerna,12.114589037633072
Acquasparta,13.491550948509447
Allerona,17.294213987046312
Città di Castello,0.0
Collazzone,18.59421385972027
Cerreto di Spoleto,19.370658651733418
Città della Pieve,27.46121815712957
Poggiodomo,17.720938473462606
Vallo di Nera,13.679953480273516
Valtopina,9.722745051613545
Cannara,8.52114712897798
Castel Ritaldi,10.663968314648974
Bevagna,13.883644236090925
Campello sul Clitunno,14.863389569912858
Castiglione del Lago,22.34694786411495
Bettona,6.7905425498970615
Cascia,27.4076349938261
Assisi,0.0
Paciano,22.09256762416441
Bastia Umbra,0.0
Spoleto,0.0
Alviano,19.250246154533354
Preci,23.58703985713444
Norcia,34.27035310332072
Passignano sul Trasimeno,11.796095264106437
Montecastrilli,16.783926550413927
Magione,6.977960824131625
Terni,0.0
Piegaro,20.936235638782758
Sellano,12.129467377049005
Scheggino,12.158801887455608
Panicale,16.314380315935527
Sant'Anatolia di Narco,12.371369424040958
Gualdo Cattaneo,18.94166237491997
Ficulle,12.0171730393416
Giove,28.3237078563699
Avigliano Umbro,22.441828871433824
Fossato di Vico,17.7516400312857
Perugia,0.0
Scheggia e Pascelupo,16.354006284320295
San Giustino,12.725448725653267
Fratta Todina,22.574846772792682
Giano dell'Umbria,15.526443309459603
Gubbio,0.0
Pietralunga,13.933492456614351
Valfabbrica,10.409387785311024
Fabro,19.688450778678668
Montecchio,14.311686938110542
Lisciano Niccone,16.442785058981247
Montegabbione,19.827001950160618
Monteleone d'Orvieto,21.312659957372865
Montefranco,8.016669867587357
Arrone,11.380315318354786
Stroncone,10.96467942376424
Amelia,21.154360716933084
Ferentillo,14.380026358427838
Montefalco,15.866554421368646
Massa Martana,14.808212220279097
Monte Castello di Vibio,18.743986663580735
Monteleone di Spoleto,22.136519096616002
Todi,21.712937783521767
Otricoli,20.220606381292015
Parrano,14.088947077752008
Foligno,0.0
Montone,11.59863351004
Penna in Teverina,26.215639396117655
Torgiano,6.875803134145645
Marsciano,18.585929268419587
Corciano,0.0
Nocera Umbra,15.212528358086825
Trevi,10.982032257207184
Orvieto,0.0
Deruta,12.995317252488459
Tufillo,100.12190121922079
Vacri,47.96730630903149
Torano Nuovo,14.481669128094248
Alba Adriatica,9.45845163501606
Ancarano,14.474888782653567
Arsita,21.28657367923428
Barete,13.784363167446747
Barisciano,14.013757469683583
Balsorano,67.31866701231496
Bellante,10.708077478912447
Notaresco,7.954220103288729
Penna Sant'Andrea,9.278686532029258
Castelli,19.27358959257646
Colledara,12.00021316794632
Colonnella,7.211598789797489
Basciano,8.132248200610002
Castiglione Messer Raimondo,20.058897262257005
Bisenti,16.37314757768619
Nereto,13.451605188675737
Controguerra,9.800878546508002
Corropoli,11.471429698559122
Morro d'Oro,4.613853818825735
Ateleta,84.59308202361238
Avezzano,39.64454817403591
Mosciano Sant'Angelo,4.370513949215581
Castilenti,16.47826592762814
Cellino Attanasio,14.346164504430524
Barrea,83.17730867618029
Bisegna,60.56489590906872
San Demetrio ne' Vestini,16.266161009676047
Castelvecchio Subequo,39.88248355980392
Capestrano,33.10900713688072
Capistrello,46.549230730226675
Capitignano,17.461095835275987
Trasacco,50.12521353099695
Cerchio,41.493739989359234
Civita d'Antino,56.53459098418801
Scafa,47.40300517044828
Villalago,60.56881531294796
Serramonacesca,50.17813288191678
Villa Santa Lucia degli Abruzzi,30.374158779476204
Villa Sant'Angelo,16.877999361268465
Tagliacozzo,39.00847279516146
Tornimparte,17.068437747723603
Lucoli,16.41504754376796
Montazzoli,88.52023004502115
Monteferrante,89.16420606512183
Sulmona,55.57474113138334
Chieti,38.8706862058879
Loreto Aprutino,29.97604525275757
Montelapiano,84.40915234531812
Ortona,50.0271126632437
Massa d'Albe,30.280081662440846
Molina Aterno,37.93940677507462
Luco dei Marsi,48.93037111418575
Castel di Sangro,89.01462727353768
Scurcola Marsicana,37.81847971635227
Secinaro,31.929357124999147
Santo Stefano di Sessanio,18.345295939762263
Magliano de' Marsi,30.55394767096312
San Vincenzo Valle Roveto,62.86667250093019
San Pio delle Camere,21.70593331416158
Sante Marie,35.277790636050746
Sant'Eusanio Forconese,14.317141547103304
Scanno,69.57756258175885
Scontrone,87.23867793747978
Scoppito,17.11764049451578
Rivisondoli,78.0072738017874
Roccacasale,48.2845373054922
Rocca di Botte,47.90209486497002
Rocca di Cambio,18.685615895339335
Pereto,45.10141616468344
Ovindoli,29.823105952116947
Pacentro,62.26766992480516
Prata d'Ansidonia,20.865724935622207
Ofena,28.14879491219101
Pratola Peligna,50.80427426407286
Prezza,50.41673104108339
Raiano,45.471244967529024
Pescasseroli,71.60539120660609
Pescina,46.31706216754501
Opi,77.70383229153526
Oricola,40.905754958382225
Ortona dei Marsi,50.304393086671425
Pescocostanzo,74.15718401379849
Pettorano sul Gizio,63.99220129254213
Rocca di Mezzo,22.92075227545687
Pizzoli,9.888349522480109
Poggio Picenze,12.743248785156686
Rocca Pia,71.36941340222343
Roccaraso,82.01595235399668
San Benedetto dei Marsi,45.425683361518864
San Benedetto in Perillis,37.30095278596299
Tione degli Abruzzi,28.669945321934357
Ortucchio,51.99670065110361
Acciano,32.16654248090679
Aielli,37.661925073909934
Anversa degli Abruzzi,55.189646644678035
Alfedena,89.50445287273621
Pietracamela,15.112128747540869
Pineto,9.55439254515641
Carpineto della Nora,34.33858985983855
Castiglione a Casauria,42.818315358638216
Catignano,36.73261974060999
Pescosansonesco,40.1796541856273
Roccamontepiano,49.01764721809426
Montefino,15.597659551462451
Rocca San Giovanni,61.063933556384086
Roccascalegna,73.81631102869927
Giulianova,0.0
Campli,8.538228616194937
Atri,10.78739384575969
Fano Adriano,17.164022394515428
Montorio al Vomano,10.515258204696767
Canzano,7.6783155006517045
Isola del Gran Sasso d'Italia,20.05688750922671
Cermignano,10.58787384097228
Rocca Santa Maria,17.910612136574766
Cortino,17.693468829348813
Crognaleto,19.69536082011635
Castellalto,10.345655142630223
Roseto degli Abruzzi,0.0
Castel Castagna,13.09990107142633
Civitella del Tronto,10.903352472991438
Nocciano,38.042608389742604
Celenza sul Trigno,101.73678814986661
Pollutri,79.16218095116062
Pretoro,54.53559757976677
Abbateggio,53.118001041411354
Palena,75.57313815747821
Alanno,43.38863792820691
Fara San Martino,67.10267104532257
Filetto,54.11538177106335
Pianella,32.72482569842396
Picciano,22.62044908063692
Pietranico,42.00063119966835
Fossacesia,65.03685811864445
Moscufo,28.604977183362227
Schiavi di Abruzzo,105.9748407636984
Poggiofiorito,55.962180633473665
Teramo,0.0
Villamagna,44.36375718859809
Sant'Omero,11.120920821739398
Silvi,17.17813752116958
Villalfonsina,74.15540744074656
Tossicia,13.582722335465574
Martinsicuro,7.498291967459872
Sant'Egidio alla Vibrata,12.121722993119581
Gioia dei Marsi,58.69870969269238
Goriano Sicoli,45.745626068430724
Introdacqua,58.508944668499346
Quadri,86.96875853428247
Rapino,55.73503786734403
Ripa Teatina,41.50117519225757
Castiglione Messer Marino,97.80961556605374
Giuliano Teatino,48.00970936734134
Pescara,31.02214106792084
Pennadomo,80.29244806439245
Cepagatti,36.19874306169485
Celano,37.057853352795135
Guardiagrele,59.17704176219274
Città Sant'Angelo,19.96037943397281
Atessa,76.97121023651027
Penne,24.47446114258943
Civitaluparella,84.7310093970071
L'Aquila,0.0
Lecce nei Marsi,59.544966794474185
Francavilla al Mare,38.552226651306064
Palmoli,95.46191751712713
Valle Castellana,14.658244514518808
Caramanico Terme,56.64490693917545
Lanciano,62.928200397672335
Palombaro,64.84583415412982
Villavallelonga,64.7035808897469
Villetta Barrea,78.31549653901277
Vittorito,42.58114284850251
Crecchio,52.049044504773875
Gamberale,84.49680045494206
Gessopalena,73.79961894645814
Gissi,85.63368186129804
Brittoli,36.64346593338698
Bussi sul Tirino,38.74432351981797
Cappelle sul Tavo,25.70724730484847
Fraine,96.28929657129608
Popoli,42.07481451409724
Civitella Casanova,34.12489230515821
Montenerodomo,81.56994937227948
Civitaquana,38.280920778983614
Ocre,13.149107700853579
Navelli,30.620693770168327
Montebello di Bertona,29.473918424868483
Montesilvano,24.74563057377347
Lettopalena,74.9200451953001
Roccaspinalveti,92.57603837564241
Roio del Sangro,91.55277215616248
Bolognano,47.599880490618936
Fresagrandinaria,95.38161308885401
Frisa,56.45464478494664
Furci,88.87480853395589
Salle,50.35864251016172
Elice,18.508555809471364
Farindola,26.51450064901158
Lettomanoppello,50.79781416076009
Sant'Eufemia a Maiella,59.628637230086795
San Valentino in Abruzzo Citeriore,49.223242132052675
Civitella Messer Raimondo,69.63410921659744
Lentella,95.78710835719323
Roccamorice,55.109248706916034
Monteodorisio,85.3829957867845
Mozzagrogna,66.19654885831208
Corvara,38.84388193232729
Rosciano,38.9528622246163
Cupello,92.01174472283425
Dogliola,98.0562845594126
Fara Filiorum Petri,50.5528435412379
Rosello,92.67304338741856
Collecorvino,24.607394265107636
Manoppello,45.17138941620177
Paglieta,70.68330350950157
Cugnoli,41.48463168359412
San Buono,91.0379882673377
San Giovanni Lipioni,104.96705079472262
Orsogna,56.518215346853026
Torricella Peligna,77.19859427253165
Treglio,58.79882763458686
Lama dei Peligni,71.93216715522401
Civitella Alfedena,79.47658066134532
Civitella Roveto,55.221768928857614
Cocullo,49.11649895134554
Collarmele,41.07793722649136
Collelongo,57.218853108003124
Vasto,85.5972176661377
Spoltore,29.75216106680309
Tocco da Casauria,45.68997314749915
Torre de' Passeri,44.65077076258482
Santa Maria Imbaro,64.8652242121462
Sant'Eusanio del Sangro,65.96067349111239
San Vito Chietino,56.9699547500946
Casoli,66.64764204818364
Castel Frentano,62.21795756589161
Castelguidone,105.45499019807026
Borrello,89.60354091316776
Bucchianico,44.86387270134001
Montebello sul Sangro,82.22193074694236
Torricella Sicura,8.900127025698927
Fagnano Alto,20.565736203497796
Fontecchio,24.03623748040634
Fossa,11.555503875162174
Gagliano Aterno,37.09287476215241
Liscia,93.64595742555902
Turrivalignani,46.38235443343988
Vicoli,38.03460728162435
Campotosto,18.09426578280652
Canistro,51.08663432565462
Cansano,67.22150296025595
Castel di Ieri,42.17550465103148
Villa Celiera,32.45318391913392
Altino,70.76756547201357
Carsoli,38.78197878012737
Castellafiume,46.96820566770875
Castelvecchio Calvisio,22.256467308065208
Tornareccio,81.113374125065
Castel del Monte,25.243825584409898
Miglianico,43.85737362246204
San Giovanni Teatino,34.284047613306136
San Martino sulla Marrucina,54.054189982308344
Colledimacine,77.85248373620006
Colledimezzo,83.91800735191572
San Salvo,94.92916911511439
Torrebruna,101.5829973751425
Taranta Peligna,71.51932970912931
Tollo,46.60458547150351
Casalbordino,75.84673762541071
Scerni,81.70807334175602
Canosa Sannita,50.64358084597312
Torino di Sangro,71.16546826475434
Guilmi,87.06750845011432
Archi,74.57214656407467
Ari,49.42480598168803
Arielli,54.016536292735694
Bomba,78.35106898433551
Pennapiedimonte,61.750505186534475
Perano,72.30457437404492
Pizzoferrato,84.57900556849563
Montereale,22.183372983190363
Casalincontrada,44.304616121348595
Carunchio,96.05551020799278
Casacanditella,50.26307706672604
Carpineto Sinello,87.23826381589966
Casalanguida,83.17657569222425
Morino,61.252088703253456
Campo di Giove,68.6599965051173
Bugnara,54.787891860197576
Cagnano Amiterno,19.645777572137614
Calascio,22.14499658588043
Caporciano,26.1390424911358
Cappadocia,45.47355722390377
Carapelle Calvisio,23.14930058655826
Collepietro,35.59948783688841
Corfinio,45.756945055197704
Villa Santa Maria,84.87071069881893
Pietraferrazzana,85.35145124579013
Fallo,86.31834509089767
Tortoreto,6.948493306269722
Torrevecchia Teatina,38.12956090351899
Acquapendente,21.865472658369377
Barbarano Romano,54.33671241875006
Canino,49.45350074005343
Capodimonte,29.273462461748448
Vicovaro,43.694938917165345
Bagnoregio,14.446383519965316
Bassano Romano,57.742636875034925
Lenola,108.96252286010726
Maenza,96.66751128703667
Cineto Romano,40.258448606154914
Civitella San Paolo,32.89465136851291
Colleferro,75.23223761161731
Colonna,64.31241863754857
Vivaro Romano,35.1013614576235
Acquafondata,104.12901829525404
Acuto,69.95448303224357
Ausonia,119.00993318567484
Monte San Giovanni in Sabina,11.845873254538745
Morro Reatino,13.642105683623564
Nespolo,33.261552582298606
Sant'Ambrogio sul Garigliano,117.1993888882629
Viticuso,107.29094970470943
Riofreddo,40.16195795672866
Rocca Canterano,51.11506803537064
Rocca di Cave,63.13696520763355
Contigliano,7.4338985296914535
Castelliri,78.97841171136837
Castrocielo,100.62863230917368
Cottanello,12.67307377053336
Torricella in Sabina,14.784527708270955
Castelnuovo Parano,115.84436195048671
Tarano,23.130399332955808
Toffia,23.462568626288277
Rignano Flaminio,38.36912645253925
Casalvieri,86.59309180139869
Gallese,30.831502106419208
Broccostella,78.80174450533367
Montorio Romano,30.130118646602366
Roccasecca dei Volsci,104.63158101397269
Marcetelli,26.33268088930613
Farnese,39.79567949885951
Micigliano,17.062096763601193
Mompeo,17.62361559933711
Montasola,13.906592255340698
Roiate,62.31499479315661
Vitorchiano,29.368014638739094
Poggio San Lorenzo,17.20342807300079
Capena,38.55415064196583
San Polo dei Cavalieri,39.96684859008323
Sant'Angelo Romano,43.2866878946459
Priverno,104.69210252755983
Prossedi,100.58308023815658
Roccagorga,99.34410612906854
Rocca Massima,79.39347745871952
Fonte Nuova,48.24577651869131
Bassiano,96.27978668152214
Campodimele,111.94966065121233
Monte Porzio Catone,66.72457131791644
Monterotondo,42.00165113385608
Boville Ernica,83.76438873295298
Onano,28.4301519549117
Tessennano,42.75829491261514
Monte Romano,49.91784519657134
Tarquinia,61.81775228191946
Valentano,33.56054091132995
Tuscania,46.32256100468849
Castiglione in Teverina,9.496549266437963
Corchiano,35.100926707611926
Marta,29.56961449299126
Vallerano,40.54031152669556
Vasanello,31.64329230511037
Nepi,47.26462015785045
Celleno,19.474254456735185
Cellere,40.19755062088893
Civitella d'Agliano,14.380033560637692
Montalto di Castro,61.15496569115888
Montefiascone,24.19903859664673
Lubriano,10.420063834511499
Monterosi,51.70403472698159
Castel Sant'Elia,42.29532197180946
Soriano nel Cimino,33.75674690616307
Sutri,52.165157662852316
Fabrica di Roma,39.425982325130484
Faleria,38.26203394147124
Gradoli,25.637820265132458
Graffignano,20.30489449000665
Grotte di Castro,24.267127890709354
Ronciglione,48.754977303277606
Villa San Giovanni in Tuscia,51.06447009731884
San Lorenzo Nuovo,20.457994992962156
Latera,30.68159362002944
Piansano,35.38781234287641
Proceno,29.101471140361188
Ischia di Castro,45.87115526853907
Oriolo Romano,62.37108757925776
Orte,26.676095549520557
Civita Castellana,35.895614521208664
Velletri,82.86085388186153
Zagarolo,61.601832696891755
Lariano,75.43938600988155
Montebuono,22.874639029179306
Monteleone Sabino,20.118231761923838
Montenero Sabino,13.523294126199291
Sant'Elia Fiumerapido,99.74310154271141
Monte San Giovanni Campano,82.70760700478654
Santopadre,90.02460226803677
Sora,74.52649487467919
Sant'Andrea del Garigliano,120.64649923017794
Sant'Apollinare,115.2108857693721
Torre Cajetani,68.4761251555171
Isola del Liri,79.37813957997771
Frosinone,84.73122046876402
Alatri,74.17539876506663
Guarcino,65.166783759449
Morolo,85.87588512850382
Piglio,67.64282137131086
San Vittore del Lazio,111.6633224537783
Serrone,66.13588101423225
Settefrati,86.48157937824091
Strangolagalli,89.06487547452127
Patrica,90.20659050474585
Pescosolido,71.9588021308947
Paliano,71.02381456184989
Pastena,102.8506933297721
Ferentino,79.04280170840238
Supino,88.88940558351351
Sgurgola,83.1075560479139
Terelle,97.885520478298
Torrice,85.20191833174651
Trevi nel Lazio,60.47351227281136
Trivigliano,71.12872176466584
Esperia,114.42748944303631
Cervaro,109.19839138260922
Canepina,39.91422708181094
Ceprano,94.33869561496563
San Biagio Saracinisco,96.2465318631132
San Donato Val di Comino,81.81149430518786
Giuliano di Roma,94.78173613275537
San Giorgio a Liri,113.77781362597707
Roma,66.14022200351906
Cantalice,10.232856001381037
Cantalupo in Sabina,20.646329958981458
Roviano,43.43533088532518
Ladispoli,79.76732985956511
Orvinio,31.771579659612385
Paganico Sabino,28.025565973613347
Pontinia,113.16860522035263
Monteflavio,32.565230571752174
Belmonte Castello,95.5946125069079
San Giovanni Incarico,100.4256126188801
Capranica Prenestina,57.540535402941664
Borgo Velino,16.79410230796221
Montelanico,85.60774893912182
Montelibretti,33.22839708045926
Falvaterra,99.1401040910909
Filettino,56.223005963904214
Fiuggi,67.11997585152399
Arnara,89.92275986077615
Atina,91.03822507088617
Arcinazzo Romano,63.15753177825417
Arsoli,44.14782586559621
Ciciliano,51.12750644351938
Itri,121.35280862357314
Santi Cosma e Damiano,127.68634139902176
Sermoneta,96.56291264966647
Mandela,41.117924723259186
Poggio Bustone,11.422723629883098
Ciampino,70.77688898003616
Nettuno,104.03866505008375
Viterbo,33.735139534749756
Norma,90.03576304656416
Anguillara Sabazia,60.55229985138541
Anticoli Corrado,45.301615323674916
Bellegra,59.11143132719501
San Cesareo,64.58284784201275
Gallicano nel Lazio,58.351988459758175
Gavignano,80.03610463515244
Genazzano,66.71144378479624
San Felice Circeo,129.58129776545294
Marino,74.04880092571
Blera,57.28462235000224
Cori,84.49667155129416
Sperlonga,124.98907736771028
Vallepietra,53.572736874805344
Vallinfreda,36.57065555841036
Poggio Catino,18.461984706705888
Anzio,102.45961211692394
Magliano Sabina,28.29742397861125
Camerata Nuova,50.1844853284414
Aprilia,93.35151628180076
Castelforte,125.47266470058075
Nemi,77.51500374568585
Nerola,27.547066494861994
Cisterna di Latina,92.547506412378
Tolfa,69.57738344172432
Ardea,91.6585527879894
Moricone,33.737403249103174
Morlupo,40.846949556588044
Nazzano,28.97596651750106
Guidonia Montecelio,48.759296502903844
Lanuvio,85.88231327443476
Licenza,36.58487257083981
Magliano Romano,43.64583671987872
Tivoli,50.174165242708234
Fiano Romano,34.724765964710045
Filacciano,26.687198532723226
Formello,52.20976203044519
Segni,80.4617648321881
Subiaco,56.67236058049586
Bomarzo,26.80430130418041
Calcata,41.51018690803774
Jenne,58.57692314030005
Labico,68.52412245732884
Sant'Oreste,32.76825169574282
Spigno Saturnia,121.8131905051771
Fumone,74.60391166926759
Minturno,128.04997206046463
Gaeta,129.16496979578915
Santa Marinella,79.25334462247787
Latina,104.45856671084054
Monte San Biagio,114.58353787872534
Artena,75.42397153832644
Arlena di Castro,41.31248719458994
Bolsena,18.16193040918671
Campagnano di Roma,50.046459063708916
San Vito Romano,59.38701309277123
Saracinesco,45.60402848970067
Torrita Tiberina,27.09488748955608
Sezze,103.28728240922217
Antrodoco,22.51244715617006
Fondi,117.54929707742694
Leonessa,21.854706793392563
Sonnino,111.47285656335826
Longone Sabino,13.938238819543583
Trevignano Romano,56.68333724937643
Sabaudia,119.04245045534141
Poggio Moiano,23.345684683111948
Genzano di Roma,81.927382286122
Gerano,54.24949964827457
Gorga,86.70854155983494
Pomezia,87.45927369454594
Manziana,69.05589982757562
Amatrice,28.077487990589415
Terracina,121.35763804554499
Ariccia,79.4715194956169
Marano Equo,47.74162468823652
Marcellina,43.82908489262974
Ponza,165.5629211170483
Pescorocchiano,30.644896686748012
Formia,124.42471347600372
Capranica,52.641761132480596
Bassano in Teverina,31.379069732234594
Caprarola,45.25790818296664
Villa Santa Lucia,104.3390298842288
Villa Santo Stefano,98.70528380011484
Veroli,75.02314579493233
Roccasecca,97.0848646711177
Amaseno,105.08919994228634
Aquino,104.58577906197972
Fontana Liri,86.83964659325905
Vallecorsa,106.84169081036526
Vallemaio,118.22832508770794
Arpino,84.68532290574245
Arce,92.71246741245237
Fontechiari,82.45148277628257
Cassino,107.20988634210696
Pignataro Interamna,110.54928833065536
Vicalvi,82.96294695684743
Carbognano,42.150332093495905
Pofi,93.34537330456251
Vico nel Lazio,66.36507806658878
Villa Latina,94.37938346591841
Alvito,80.64057414603838
Anagni,76.83210202472206
Picinisco,91.46170523899826
Gallinaro,87.27139154096656
Pico,105.67328573061874
Pontecorvo,106.66839578420706
Rocca d'Arce,90.89318810035374
Piedimonte San Germano,104.55585027013545
Vallerotonda,100.93093102199464
Castro dei Volsci,98.85254109075731
Ceccano,92.27644066431598
Ripi,88.61423498898723
Mazzano Romano,44.21525623653159
Mentana,43.48543962748078
Ventotene,178.0240764052673
Vignanello,36.78119988490123
Ascrea,22.791628099865335
Belmonte in Sabina,9.304484687235501
Poggio Nativo,22.021284882348027
Allumiere,69.1992216617933
Accumoli,31.658230920815704
Fiumicino,77.09869426927928
Petrella Salto,20.575215706775673
Borbona,25.29566221250881
Vetralla,48.13265057438446
Montopoli di Sabina,25.123488910924102
Canale Monterano,66.93002680945683
Canterano,54.393373517388945
Sacrofano,47.87945270168366
Sambuci,47.146453704360006
San Gregorio da Sassola,53.60858950658062
Bracciano,66.50760129600341
Valmontone,70.85486722257782
Fiamignano,24.312772687356112
Vacone,17.22974036046292
Varco Sabino,23.337105835790044
Borgorose,26.060730673451182
Pozzaglia Sabina,29.234882492215416
Rocca Santo Stefano,56.69786985946652
Cittareale,32.49930278174869
Collalto Sabino,32.45993254348832
Colle di Tora,23.97914184454116
Colfelice,95.71768459339673
Collepardo,69.6890400071832
Affile,60.1382587494866
Agosta,49.903573974674046
Posta Fibreno,80.37303147066324
Carpineto Romano,91.92100227823335
Poggio Mirteto,21.59600158632467
Rieti,0.0
Rivodutri,12.998472714138316
Frascati,66.2869017760055
Rocca di Papa,73.22107045208966
Roccagiovine,39.671854220286555
Castel San Pietro Romano,61.035274037241116
Cave,66.51320217860933
Cerreto Laziale,51.2825500245346
Rocca Priora,69.67721230404429
Fara in Sabina,27.453948356231308
Monte Compatri,63.89784345661111
Turania,33.08073879742256
Cervara di Roma,50.455111762198804
Torri in Sabina,18.94840536428617
Poli,57.770999287372504
Ponzano Romano,29.061223506953095
Configni,16.524399692826194
Stimigliano,26.632134940538403
Labro,13.07111751129924
Collevecchio,27.710384995699954
Colli sul Velino,11.826867533051649
Salisano,16.919358277827172
Albano Laziale,79.37197603191443
Palestrina,65.51210098875117
Casaprota,17.833497863592786
Scandriglia,27.73053404704449
Selci,21.619149922944743
Castel Sant'Angelo,13.805165080688845
Cittaducale,9.806509312081856
Campoli Appennino,75.25317661766266
Casperia,15.18503431487017
Castel di Tora,23.93568519191178
Castelnuovo di Farfa,21.554511611047403
Castel Madama,48.73611700339071
Colle San Magno,95.7564071113889
Roccantica,15.440651408020313
Rocca Sinibalda,17.813204194980383
Civitavecchia,74.15311954213485
Grottaferrata,70.13481015927421
Casalattico,91.22853675843685
Posta,22.614888393993983
Casape,55.17209278257231
Castelnuovo di Porto,42.91513346510216
Coreno Ausonio,121.40993905059597
Cerveteri,76.29260099667908
Collegiove,29.79877918428812
Riano,44.77870362948839
Vejano,59.993953187902996
Forano,24.279261754558135
Frasso Sabino,20.5244693510928
Greccio,9.28617489867108
Palombara Sabina,37.142774012315165
Castel Gandolfo,75.38213734909974
Olevano Romano,63.677936478361964
Percile,35.980206034404084
Pisoniano,55.93780000454673
Concerviano,14.720315061005463
