Comune,n_imprese,tot_ricavi,tot_dipendenti,failed,failed_ricavi,failed_dipendenti
Abbateggio,2,205.0,9,1.0,1.0,1.0
Acciano,3,166.0,3,1.0,1.0,1.0
Accumoli,10,1844.0,18,0.5,0.40726681127982645,0.4444444444444444
Acqualagna,51,22745.0,360,0.23529411764705882,0.015344031655308859,0.13055555555555556
Acquapendente,66,60150.0,221,0.3939393939393939,0.06872817955112219,0.25339366515837103
Acquasanta Terme,30,13140.0,93,0.3333333333333333,0.0863013698630137,0.13978494623655913
Acquasparta,44,84771.0,464,0.22727272727272727,0.24948390369348009,0.22413793103448276
Acquaviva Picena,54,94833.0,550,0.3333333333333333,0.07236932291501903,0.034545454545454546
Agugliano,35,33473.0,221,0.37142857142857144,0.025542974935022257,0.06334841628959276
Alanno,34,447737.0,913,0.3235294117647059,0.9452692093796135,0.8313253012048193
Alba Adriatica,325,133418.0,1013,0.41846153846153844,0.2284249501566505,0.19940769990128332
Allerona,10,288.0,18,0.5,0.2222222222222222,0.16666666666666666
Altidona,63,111157.0,650,0.19047619047619047,0.02545048894806445,0.04
Alviano,7,3733.0,28,0.42857142857142855,0.4390570586659523,0.5357142857142857
Amandola,35,25886.0,130,0.34285714285714286,0.08259290736305339,0.23076923076923078
Amatrice,25,10565.0,79,0.44,0.2391859914813062,0.17721518987341772
Amelia,106,70993.0,356,0.2641509433962264,0.03604580733311735,0.08146067415730338
Ancarano,68,298467.0,1265,0.39705882352941174,0.028468808947052775,0.04901185770750988
Ancona,1921,3689029.0,19335,0.3461738677771994,0.39239919230778614,0.25632273079906903
Antrodoco,17,8381.0,55,0.4117647058823529,0.05965875193890944,0.18181818181818182
Apecchio,20,9085.0,85,0.5,0.28706659328563566,0.15294117647058825
Apiro,20,31585.0,186,0.5,0.09741966123159727,0.11827956989247312
Appignano,67,181555.0,706,0.31343283582089554,0.026184902646580927,0.05099150141643059
Appignano del Tronto,11,7539.0,58,0.2727272727272727,0.34991378166865633,0.3793103448275862
Arcevia,43,103987.0,501,0.37209302325581395,0.0261474992066316,0.05389221556886228
Ari,8,7479.0,11,0.625,0.003342692873378794,0.0
Arielli,26,22419.0,190,0.46153846153846156,0.1844417681430929,0.26842105263157895
Arlena di Castro,6,4621.0,37,0.0,0.0,0.0
Arquata del Tronto,9,15149.0,31,0.4444444444444444,0.08581424516469734,0.1935483870967742
Arrone,27,17975.0,105,0.5185185185185185,0.09596662030598054,0.2571428571428571
Arsita,4,620.0,29,0.5,0.49032258064516127,0.5517241379310345
Ascoli Piceno,857,2316490.0,9853,0.31271878646441076,0.16733937983759914,0.24033289353496398
Assisi,408,775394.0,4234,0.38480392156862747,0.07920360487700447,0.11218705715635333
Atri,83,163787.0,842,0.40963855421686746,0.10848235818471551,0.23634204275534443
Attigliano,6,1946.0,8,0.5,0.025179856115107913,0.25
Avigliano Umbro,46,19523.0,100,0.5,0.100650514777442,0.2
Bagnoregio,32,16424.0,163,0.375,0.5353141743789577,0.4785276073619632
Barbara,25,89437.0,410,0.32,0.012343884522065812,0.17317073170731706
Barbarano Romano,9,10414.0,57,0.7777777777777778,0.9354714806990589,0.8771929824561403
Barete,8,1567.0,12,0.5,0.05041480536056158,0.08333333333333333
Barisciano,21,13731.0,134,0.42857142857142855,0.3722962639283373,0.29850746268656714
Baschi,30,12702.0,199,0.4,0.250039363879704,0.22613065326633167
Basciano,52,76047.0,314,0.25,0.023761621102739095,0.044585987261146494
Bassano Romano,27,2473.0,50,0.5555555555555556,0.3129801860088961,0.34
Bassano in Teverina,3,2360.0,12,0.6666666666666666,0.0,0.0
Bastia Umbra,401,913879.0,3457,0.3541147132169576,0.06295362952863563,0.11831067399479317
Belforte all'Isauro,15,43433.0,206,0.2,0.0,0.0
Belforte del Chienti,20,57850.0,215,0.25,0.7773033707865169,0.48372093023255813
Bellante,50,24380.0,145,0.44,0.3426579163248564,0.3724137931034483
Belmonte Piceno,6,1869.0,52,0.3333333333333333,0.4612092027822365,0.34615384615384615
Belmonte in Sabina,3,543.0,15,0.3333333333333333,0.13443830570902393,0.2
Belvedere Ostrense,24,31450.0,272,0.5416666666666666,0.5911287758346582,0.34558823529411764
Bettona,64,83741.0,388,0.359375,0.05478797721546196,0.08505154639175258
Bevagna,42,38108.0,409,0.38095238095238093,0.1302613624435814,0.19070904645476772
Bisenti,16,8162.0,43,0.3125,0.09311443273707425,0.023255813953488372
Blera,27,14088.0,59,0.2222222222222222,0.01590005678591709,0.15254237288135594
Bolognano,11,32494.0,142,0.36363636363636365,0.001846494737489998,0.0
Bolognola,1,0.0,0,1.0,0.0,0.0
Bolsena,30,13429.0,181,0.5333333333333333,0.2154292948097401,0.2541436464088398
Bomarzo,15,7677.0,89,0.2,0.015370587469063435,0.0449438202247191
Borbona,6,2102.0,17,0.5,0.04709800190294957,0.058823529411764705
Borgo Pace,3,271.0,5,0.3333333333333333,0.0,0.0
Borgo Velino,6,4677.0,46,0.3333333333333333,0.027581783194355357,0.043478260869565216
Borgorose,12,2303.0,19,0.3333333333333333,0.1033434650455927,0.3157894736842105
Brittoli,5,1128.0,2,1.0,1.0,1.0
Bucchianico,20,14120.0,71,0.3,0.10686968838526913,0.04225352112676056
Bussi sul Tirino,10,37146.0,166,0.2,0.00021536639207451677,0.006024096385542169
Cagli,118,174414.0,622,0.3050847457627119,0.026127489765729817,0.04983922829581994
Cagnano Amiterno,8,3855.0,33,0.75,0.5507133592736706,0.9393939393939394
Calascio,1,176.0,3,1.0,1.0,1.0
Caldarola,13,75238.0,257,0.23076923076923078,0.0035354475132247003,0.007782101167315175
Calvi dell'Umbria,8,8162.0,60,0.25,0.011394266111247244,0.016666666666666666
Camerano,136,708659.0,1875,0.2647058823529412,0.05004522626538293,0.08
Camerata Picena,55,424846.0,475,0.21818181818181817,0.030133271820848025,0.14526315789473684
Camerino,85,126908.0,611,0.3764705882352941,0.06629999684811044,0.07364975450081833
Campello sul Clitunno,33,42912.0,345,0.42424242424242425,0.01833985831469053,0.03768115942028986
Campli,72,57683.0,515,0.3888888888888889,0.23802506804431114,0.3320388349514563
Campofilone,38,26524.0,204,0.18421052631578946,0.22930176443975267,0.09803921568627451
Camporotondo di Fiastrone,1,1216.0,29,0.0,0.0,0.0
Campotosto,4,357.0,10,0.25,0.1876750700280112,0.5
Canepina,20,20554.0,81,0.35,0.6006616716940741,0.6049382716049383
Cannara,41,41052.0,210,0.2682926829268293,0.4704521095196336,0.14761904761904762
Canosa Sannita,14,10207.0,52,0.2857142857142857,0.02517879886352503,0.28846153846153844
Cantalice,11,2789.0,35,0.36363636363636365,0.2373610613122983,0.2571428571428571
Cantalupo in Sabina,6,6030.0,27,0.6666666666666666,0.7625207296849088,0.8888888888888888
Cantiano,12,5590.0,45,0.08333333333333333,0.12361359570661896,0.2
Canzano,19,14899.0,173,0.2631578947368421,0.030941673937848177,0.1907514450867052
Capestrano,7,2317.0,20,0.5714285714285714,0.39274924471299094,0.4
Capitignano,6,6715.0,77,0.3333333333333333,0.018466120625465376,0.03896103896103896
Capodimonte,21,12027.0,57,0.38095238095238093,0.2257420803192816,0.14035087719298245
Cappelle sul Tavo,41,58299.0,442,0.24390243902439024,0.12051664694077086,0.10633484162895927
Capranica,54,23979.0,153,0.2962962962962963,0.3382543058509529,0.4117647058823529
Caprarola,40,123698.0,235,0.3,0.26379569596921537,0.1829787234042553
Caramanico Terme,13,3093.0,48,0.3076923076923077,0.09279017135467184,0.041666666666666664
Carapelle Calvisio,1,3.0,0,0.0,0.0,0.0
Carassai,10,879.0,6,0.9,0.2764505119453925,0.16666666666666666
Carbognano,12,44952.0,55,0.4166666666666667,0.0361496707599217,0.03636363636363636
Carpegna,10,9099.0,69,0.4,0.006594131223211342,0.014492753623188406
Carpineto della Nora,3,1288.0,20,0.0,0.0,0.0
Carsoli,92,60806.0,423,0.391304347826087,0.32710587770943655,0.2907801418439716
Cartoceto,160,207523.0,1273,0.2125,0.06444104990772107,0.08798114689709348
Casacanditella,12,11059.0,121,0.4166666666666667,0.041504656840582334,0.024793388429752067
Casalincontrada,16,4652.0,52,0.5,0.5700773860705073,0.5576923076923077
Casaprota,3,727.0,15,0.6666666666666666,0.8968363136176066,0.7333333333333333
Cascia,15,19129.0,198,0.2,0.1439698886507397,0.22727272727272727
Casoli,104,152040.0,887,0.3557692307692308,0.09723099184425152,0.18151071025930102
Casperia,10,2017.0,51,0.7,0.42042637580565195,0.19607843137254902
Castel Castagna,1,0.0,0,1.0,0.0,0.0
Castel Frentano,24,30196.0,232,0.5416666666666666,0.1874089283348788,0.4353448275862069
Castel Giorgio,12,5339.0,91,0.3333333333333333,0.33583067990260346,0.25274725274725274
Castel Ritaldi,21,22698.0,104,0.38095238095238093,0.20059036038417483,0.11538461538461539
Castel Sant'Angelo,6,2351.0,18,0.6666666666666666,0.06380263717566993,0.1111111111111111
Castel Sant'Elia,25,42348.0,263,0.36,0.13389062057240012,0.1444866920152091
Castel Viscardo,21,10524.0,85,0.42857142857142855,0.1920372481946028,0.4
Castel del Monte,1,72.0,4,1.0,1.0,1.0
Castel di Lama,55,27648.0,229,0.4,0.29463252314814814,0.2838427947598253
Castel di Tora,2,280.0,4,1.0,1.0,1.0
Castelbellino,29,84466.0,315,0.27586206896551724,0.026851040655411645,0.13333333333333333
Castelfidardo,354,756974.0,3797,0.2853107344632768,0.04160776988377408,0.057940479325783514
Castellalto,131,641704.0,2943,0.3435114503816794,0.06626419657661477,0.10567448182127082
Castelleone di Suasa,21,17707.0,154,0.14285714285714285,0.009035974473372113,0.01948051948051948
Castelli,9,5224.0,88,0.1111111111111111,0.0,0.0
Castelnuovo di Farfa,1,17.0,4,1.0,1.0,1.0
Castelplanio,51,55248.0,430,0.27450980392156865,0.028236316246741965,0.05581395348837209
Castelraimondo,36,37483.0,130,0.3611111111111111,0.07939599285009204,0.2
Castelsantangelo sul Nera,1,8961.0,21,0.0,0.0,0.0
Castiglione Messer Raimondo,32,49880.0,515,0.5625,0.4401363271852446,0.46601941747572817
Castiglione a Casauria,12,82742.0,394,0.5833333333333334,0.9959875274951052,0.9923857868020305
Castiglione del Lago,164,805850.0,3407,0.3780487804878049,0.01802444623689272,0.06926915174640447
Castiglione in Teverina,14,5920.0,57,0.35714285714285715,0.3141891891891892,0.6842105263157895
Castignano,23,57927.0,264,0.21739130434782608,0.31551780689488496,0.5075757575757576
Castilenti,23,97039.0,376,0.4782608695652174,0.036809942394295074,0.1356382978723404
Castorano,17,3816.0,33,0.47058823529411764,0.17348008385744235,0.36363636363636365
Catignano,5,7022.0,29,0.6,0.2339789233836514,0.5862068965517241
Celano,100,154194.0,667,0.39,0.10286392466632943,0.11094452773613193
Celleno,11,7185.0,169,0.2727272727272727,0.016423103688239387,0.023668639053254437
Cellino Attanasio,27,50685.0,196,0.4444444444444444,0.13958764920587946,0.2653061224489796
Cepagatti,148,223406.0,1548,0.3918918918918919,0.19611380177792898,0.18281653746770027
Cermignano,3,2373.0,15,0.3333333333333333,0.0012642225031605564,0.0
Cerreto d'Esi,44,137463.0,720,0.2727272727272727,0.1881233495558805,0.29305555555555557
Cerreto di Spoleto,5,10169.0,34,0.4,0.7425508899596814,0.5294117647058824
Chiaravalle,126,76935.0,410,0.3888888888888889,0.24282836160395138,0.35365853658536583
Chieti,845,1786743.0,12654,0.41301775147928993,0.18471766784590732,0.17219851430377747
Cingoli,109,127057.0,533,0.3577981651376147,0.22256939798673037,0.2570356472795497
Citerna,42,164019.0,305,0.2619047619047619,0.027240746498881228,0.09508196721311475
Cittaducale,93,240341.0,1407,0.3870967741935484,0.06194531935874445,0.15209665955934612
Cittareale,1,0.0,0,1.0,0.0,0.0
Città della Pieve,74,98855.0,459,0.3108108108108108,0.25507055788781546,0.3638344226579521
Città di Castello,619,1422159.0,6069,0.3247172859450727,0.05563512940536185,0.12753336628769155
Civita Castellana,259,273974.0,1869,0.3552123552123552,0.14618540445443728,0.19047619047619047
Civitanova Marche,987,1329002.0,7206,0.3708206686930091,0.1383338776013881,0.1729114626699972
Civitaquana,3,2733.0,35,1.0,1.0,1.0
Civitella Casanova,10,2076.0,50,0.5,0.5626204238921002,0.74
Civitella d'Agliano,12,14717.0,41,0.4166666666666667,0.1248216348440579,0.34146341463414637
Civitella del Tronto,76,111320.0,446,0.40789473684210525,0.07665289256198347,0.21748878923766815
Collazzone,59,48634.0,384,0.4745762711864407,0.4954558539293498,0.53125
Colle di Tora,1,113.0,2,1.0,1.0,1.0
Collecorvino,62,107522.0,427,0.3548387096774194,0.11414408214132922,0.2107728337236534
Colledara,16,7713.0,128,0.3125,0.21911059250615844,0.2890625
Collepietro,1,40.0,1,1.0,1.0,1.0
Collevecchio,14,2571.0,35,0.5714285714285714,0.12718786464410736,0.22857142857142856
Colli del Tronto,35,30930.0,193,0.2571428571428571,0.09531199482702878,0.27461139896373055
Colmurano,18,8423.0,57,0.5,0.17262258102813724,0.3157894736842105
Colonnella,114,137631.0,745,0.38596491228070173,0.05696391074685209,0.1087248322147651
Comunanza,68,97013.0,550,0.29411764705882354,0.019615927762258668,0.04
Concerviano,2,315.0,13,1.0,1.0,1.0
Configni,5,1726.0,7,0.0,0.0,0.0
Contigliano,26,7077.0,78,0.6538461538461539,0.8266214497668504,0.7692307692307693
Controguerra,38,69720.0,284,0.5263157894736842,0.6361589213998853,0.6619718309859155
Corchiano,26,39318.0,330,0.34615384615384615,0.025077572613052546,0.00909090909090909
Corciano,379,1180718.0,5270,0.39313984168865435,0.04985779839047088,0.10227703984819735
Corfinio,6,687.0,23,0.3333333333333333,0.10334788937409024,0.043478260869565216
Corinaldo,70,78462.0,431,0.32857142857142857,0.17472152124595344,0.12993039443155452
Corridonia,353,539533.0,2672,0.311614730878187,0.24528620121475425,0.15194610778443113
Corropoli,140,620599.0,1993,0.32142857142857145,0.03685632751583551,0.10888108379327646
Corvara,3,68.0,5,0.0,0.0,0.0
Cossignano,4,301.0,2,0.5,0.0,0.0
Costacciaro,5,7295.0,32,0.2,0.010829335161069226,0.0
Cottanello,1,75.0,1,1.0,1.0,1.0
Crecchio,16,25636.0,90,0.25,0.02145420502418474,0.06666666666666667
Crognaleto,21,24342.0,110,0.42857142857142855,0.4091693369484841,0.5
Cugnoli,11,9538.0,51,0.45454545454545453,0.26819039630949887,0.8235294117647058
Cupra Marittima,63,59580.0,267,0.3968253968253968,0.07846592816381336,0.2546816479400749
Cupramontana,36,47918.0,259,0.19444444444444445,0.0063650402771401144,0.011583011583011582
Deruta,118,68419.0,385,0.4661016949152542,0.2769990792031453,0.22337662337662337
Elice,24,89702.0,163,0.25,0.640186394952175,0.2392638036809816
Esanatoglia,35,52197.0,305,0.2857142857142857,0.2710883767266318,0.17704918032786884
Fabriano,492,1543539.0,6716,0.3678861788617886,0.07175393689437067,0.21500893388921977
Fabrica di Roma,90,170666.0,1011,0.43333333333333335,0.10764299860546331,0.2354104846686449
Fabro,39,29334.0,180,0.38461538461538464,0.05618054135133292,0.1388888888888889
Fagnano Alto,5,10652.0,81,0.6,0.0064776567780698464,0.024691358024691357
Falconara Marittima,283,455776.0,2013,0.3674911660777385,0.07333646352594257,0.1366120218579235
Faleria,15,1764.0,27,0.6666666666666666,0.3486394557823129,0.4074074074074074
Falerone,60,86832.0,438,0.18333333333333332,0.03351299060254284,0.03424657534246575
Fano,1283,1977674.0,12072,0.32034294621979736,0.08927052689169196,0.12665672630881378
Fano Adriano,4,124.0,2,0.75,1.0,1.0
Fara Filiorum Petri,34,73175.0,412,0.23529411764705882,0.03390502220703792,0.02912621359223301
Fara in Sabina,124,56228.0,487,0.5161290322580645,0.39428754357259727,0.6242299794661191
Farindola,5,1257.0,15,0.4,0.0477326968973747,0.26666666666666666
Ferentillo,12,9275.0,80,0.3333333333333333,0.042911051212938006,0.1125
Fermignano,105,228309.0,1155,0.17142857142857143,0.037221484917370755,0.023376623376623377
Fermo,564,587642.0,4014,0.3191489361702128,0.06479625350128139,0.08844045839561535
Fiastra,5,294.0,11,0.8,0.41496598639455784,0.5454545454545454
Ficulle,6,1118.0,18,0.5,0.8747763864042933,0.6111111111111112
Filetto,6,37300.0,152,0.3333333333333333,0.0015549597855227882,0.013157894736842105
Filottrano,107,192246.0,1419,0.308411214953271,0.10096959104480717,0.1529245947850599
Fiuminata,5,4789.0,26,0.2,0.00668197953643767,0.11538461538461539
Folignano,60,40019.0,148,0.4666666666666667,0.07986206551887853,0.1554054054054054
Foligno,768,1137920.0,7205,0.3489583333333333,0.1731721034870641,0.2960444136016655
Fontecchio,3,36.0,0,0.3333333333333333,0.05555555555555555,0.0
Forano,21,12594.0,93,0.3333333333333333,0.11775448626329998,0.1827956989247312
Force,9,18731.0,31,0.2222222222222222,0.009449575569910842,0.06451612903225806
Fossa,10,3287.0,25,0.4,0.041375114085792516,0.2
Fossato di Vico,44,135752.0,588,0.38636363636363635,0.26430549826153577,0.3469387755102041
Fossombrone,141,136573.0,1046,0.2765957446808511,0.08571240289076172,0.13288718929254303
Francavilla al Mare,257,177579.0,1216,0.4280155642023346,0.16645549304816448,0.24835526315789475
Francavilla d'Ete,8,48269.0,165,0.5,0.0186455074685616,0.03636363636363636
Frasso Sabino,2,96.0,13,0.0,0.0,0.0
Fratta Todina,27,12035.0,81,0.5555555555555556,0.34117158288325716,0.4074074074074074
Fratte Rosa,8,3999.0,54,0.375,0.1800450112528132,0.5555555555555556
Frisa,17,31192.0,99,0.17647058823529413,0.11470889971787637,0.0707070707070707
Frontino,3,2275.0,9,0.6666666666666666,0.9753846153846154,1.0
Frontone,15,2107.0,35,0.4666666666666667,0.15187470336971998,0.2857142857142857
Gagliole,8,4907.0,32,0.5,0.11025066231913593,0.21875
Gallese,27,56554.0,411,0.18518518518518517,0.000866428546168264,0.0170316301703163
Genga,20,30960.0,87,0.45,0.05458656330749354,0.13793103448275862
Giano dell'Umbria,44,252084.0,866,0.2727272727272727,0.02256390726900557,0.11893764434180139
Giove,11,2365.0,19,0.36363636363636365,0.773784355179704,0.47368421052631576
Giuliano Teatino,5,3805.0,10,0.0,0.0,0.0
Giulianova,450,401336.0,2320,0.41555555555555557,0.20571042717324137,0.2711206896551724
Gradoli,7,937.0,14,0.0,0.0,0.0
Graffignano,7,453.0,13,0.2857142857142857,0.4392935982339956,0.7692307692307693
Greccio,20,6258.0,44,0.65,0.16043464365612017,0.29545454545454547
Grottammare,214,247696.0,1170,0.21962616822429906,0.09540727343194884,0.10683760683760683
Grottazzolina,60,104880.0,536,0.16666666666666666,0.007818459191456904,0.013059701492537313
Grotte di Castro,29,23728.0,143,0.3103448275862069,0.01921780175320297,0.1258741258741259
Gualdo,7,3068.0,12,0.2857142857142857,0.3428943937418514,0.16666666666666666
Gualdo Cattaneo,88,86502.0,1276,0.5227272727272727,0.3181776143904187,0.2249216300940439
Gualdo Tadino,149,188579.0,1011,0.4429530201342282,0.10352160102662544,0.21463897131552917
Guardea,17,5475.0,34,0.17647058823529413,0.16036529680365297,0.058823529411764705
Guardiagrele,138,230851.0,1213,0.2971014492753623,0.029789777822058383,0.09645507007419621
Gubbio,357,906546.0,3545,0.3333333333333333,0.3483662163861514,0.32016925246826516
Isola del Gran Sasso d'Italia,32,58407.0,253,0.375,0.03263307480267776,0.13043478260869565
Isola del Piano,6,68593.0,251,0.16666666666666666,0.546134445205779,0.6852589641434262
Jesi,869,2664848.0,10541,0.31070195627157654,0.16972412685451477,0.24039464946399772
L'Aquila,1353,854860.0,7784,0.43163340724316335,0.23768921226867556,0.2421634121274409
Labro,7,1003.0,16,0.42857142857142855,0.045862412761714856,0.125
Lanciano,507,587798.0,4559,0.40828402366863903,0.17817685667525238,0.1359947356876508
Lapedona,2,1929.0,8,0.0,0.0,0.0
Leonessa,31,3972.0,80,0.5806451612903226,0.8547331319234642,0.9125
Lettomanoppello,13,2218.0,28,0.38461538461538464,0.2042380522993688,0.32142857142857145
Lisciano Niccone,10,10203.0,77,0.5,0.31010487111633833,0.38961038961038963
Loreto,148,214825.0,1481,0.3581081081081081,0.20158268357965786,0.2802160702228224
Loreto Aprutino,70,88906.0,717,0.37142857142857144,0.2873934267653477,0.39748953974895396
Loro Piceno,21,12098.0,116,0.3333333333333333,0.06348156720119028,0.16379310344827586
Lubriano,6,383.0,4,0.6666666666666666,0.6814621409921671,1.0
Lucoli,6,858.0,13,0.6666666666666666,0.06876456876456877,0.07692307692307693
Lugnano in Teverina,16,4502.0,66,0.4375,0.18991559306974679,0.12121212121212122
Lunano,44,228813.0,784,0.25,0.01484618443882122,0.02806122448979592
Macerata,826,954795.0,5038,0.3789346246973366,0.14470750265763854,0.1976974990075427
Magione,141,1122245.0,2599,0.3049645390070922,0.009739406279377498,0.04309349749903809
Magliano Sabina,55,20115.0,157,0.41818181818181815,0.13447675863783246,0.22929936305732485
Magliano de' Marsi,33,16309.0,129,0.3939393939393939,0.24875835428291126,0.4573643410852713
Magliano di Tenna,25,56351.0,190,0.52,0.09882699508438182,0.2894736842105263
Maiolati Spontini,53,137417.0,667,0.33962264150943394,0.4374131293799166,0.3328335832083958
Maltignano,42,130744.0,372,0.2857142857142857,0.013583797344428808,0.053763440860215055
Manoppello,61,71262.0,490,0.32786885245901637,0.08283517162021835,0.07346938775510205
Marsciano,220,321180.0,1919,0.4090909090909091,0.09133196338501774,0.14017717561229806
Marta,18,5901.0,45,0.2777777777777778,0.03016437891882732,0.08888888888888889
Martinsicuro,283,240383.0,1466,0.36042402826855124,0.1809653760873273,0.3130968622100955
Massa Fermana,16,13017.0,116,0.375,0.19105784743028348,0.1810344827586207
Massa Martana,42,95551.0,629,0.38095238095238093,0.06315998785988634,0.06995230524642289
Massa d'Albe,11,27827.0,126,0.45454545454545453,0.018471268911488842,0.023809523809523808
Massignano,10,29480.0,39,0.3,0.0030189959294436904,0.1282051282051282
Matelica,108,116943.0,1207,0.24074074074074073,0.03180181797969951,0.03231151615575808
Mercatello sul Metauro,19,27358.0,188,0.21052631578947367,0.05417062650778566,0.13829787234042554
Mergo,6,17149.0,77,0.3333333333333333,0.01323692343576885,0.03896103896103896
Micigliano,3,0.0,0,0.6666666666666666,0.0,0.0
Miglianico,59,69079.0,479,0.4406779661016949,0.0701805179577006,0.17954070981210857
Mogliano,51,43521.0,352,0.2549019607843137,0.02148388134463822,0.05113636363636364
Mompeo,2,29.0,1,1.0,1.0,1.0
Mondavio,35,22086.0,173,0.34285714285714286,0.4410486280901929,0.4046242774566474
Mondolfo,139,169057.0,779,0.30935251798561153,0.0925959883352952,0.1540436456996149
Monsampietro Morico,3,8125.0,49,0.0,0.0,0.0
Monsampolo del Tronto,82,1162910.0,823,0.2926829268292683,0.026474103756954536,0.22721749696233293
Monsano,93,126396.0,897,0.16129032258064516,0.07770024367859743,0.1705685618729097
Montalto delle Marche,16,11649.0,77,0.125,0.01253326465791055,0.06493506493506493
Montappone,27,32377.0,157,0.2222222222222222,0.007011149890354264,0.012738853503184714
Montasola,4,1400.0,42,0.75,0.7628571428571429,0.7857142857142857
Monte Castello di Vibio,15,1111.0,19,0.3333333333333333,0.30063006300630063,0.21052631578947367
Monte Giberto,10,18793.0,126,0.3,0.008034906614164849,0.03968253968253968
Monte Porzio,53,117919.0,388,0.2641509433962264,0.02740864491727372,0.1056701030927835
Monte Rinaldo,2,1045.0,11,0.0,0.0,0.0
Monte Roberto,61,147496.0,714,0.22950819672131148,0.23743694744264252,0.08263305322128851
Monte Romano,2,230.0,1,0.5,0.0,0.0
Monte San Giovanni in Sabina,5,656.0,12,0.6,0.7759146341463414,0.5833333333333334
Monte San Giusto,152,133125.0,1103,0.39473684210526316,0.34895023474178405,0.34632819582955576
Monte San Martino,10,7079.0,62,0.3,0.015962706596976975,0.25806451612903225
Monte San Pietrangeli,23,156783.0,583,0.34782608695652173,0.02301269908089525,0.05317324185248713
Monte San Vito,62,262709.0,928,0.3709677419354839,0.18863076636125903,0.33405172413793105
Monte Santa Maria Tiberina,6,4095.0,71,0.3333333333333333,0.4617826617826618,0.6338028169014085
Monte Urano,177,215944.0,1256,0.2994350282485876,0.08469788463675768,0.17436305732484075
Monte Vidon Combatte,2,3100.0,4,0.0,0.0,0.0
Monte Vidon Corrado,6,7927.0,70,0.3333333333333333,0.34199571086161223,0.2
Montebello di Bertona,12,2423.0,45,0.5833333333333334,0.08955839867932315,0.2222222222222222
Montebuono,4,3899.0,66,0.75,0.3734290843806104,0.16666666666666666
Montecarotto,12,54168.0,232,0.25,0.010338207059518534,0.034482758620689655
Montecassiano,113,237273.0,922,0.34513274336283184,0.38562331154408636,0.16377440347071584
Montecastrilli,48,50898.0,276,0.3333333333333333,0.02404809619238477,0.04710144927536232
Montecchio,14,15377.0,80,0.21428571428571427,0.017948884697925473,0.0125
Montecosaro,109,182516.0,1020,0.3119266055045872,0.06414232176905038,0.11568627450980393
Montedinove,6,1359.0,10,0.16666666666666666,0.0,0.0
Montefalco,41,22492.0,223,0.3902439024390244,0.24066334696781078,0.37668161434977576
Montefalcone Appennino,6,1122.0,14,0.3333333333333333,0.4037433155080214,0.42857142857142855
Montefano,41,63784.0,465,0.21951219512195122,0.23546657468957732,0.23870967741935484
Montefelcino,24,24593.0,228,0.375,0.18261293864107672,0.2149122807017544
Montefiascone,90,63658.0,589,0.2777777777777778,0.13794024317446354,0.19864176570458403
Montefino,11,16145.0,128,0.36363636363636365,0.11303809228863425,0.078125
Montefiore dell'Aso,29,232814.0,694,0.2413793103448276,0.005772848711847226,0.008645533141210375
Montefortino,7,3758.0,38,0.2857142857142857,0.006386375731772219,0.0
Montefranco,9,1903.0,7,0.4444444444444444,0.08723068838675775,0.42857142857142855
Montegabbione,4,1318.0,9,0.5,0.09180576631259484,0.4444444444444444
Montegallo,3,362.0,5,0.0,0.0,0.0
Montegiorgio,104,218186.0,1134,0.2980769230769231,0.10351259934184595,0.10405643738977072
Montegranaro,320,411916.0,2462,0.290625,0.09322046242437779,0.1397238017871649
Monteleone Sabino,5,341.0,6,0.6,0.9237536656891495,0.6666666666666666
Monteleone d'Orvieto,14,651.0,13,0.5,0.2903225806451613,0.6153846153846154
Monteleone di Fermo,1,0.0,0,1.0,0.0,0.0
Monteleone di Spoleto,4,726.0,7,0.25,0.015151515151515152,0.0
Montelparo,5,423.0,14,0.6,0.7186761229314421,0.7142857142857143
Montelupone,43,136679.0,896,0.2558139534883721,0.2336715954901631,0.25892857142857145
Montemarciano,63,52067.0,367,0.36507936507936506,0.1725277046881902,0.23978201634877383
Montemonaco,9,791.0,25,0.3333333333333333,0.415929203539823,0.6
Montenero Sabino,1,78.0,0,1.0,1.0,0.0
Monteprandone,250,242679.0,1549,0.308,0.09618879260257376,0.11878631375080698
Montereale,20,4472.0,53,0.35,0.02370304114490161,0.018867924528301886
Monterosi,36,10464.0,102,0.5277777777777778,0.13704128440366972,0.11764705882352941
Monterubbiano,29,12960.0,69,0.3793103448275862,0.11195987654320988,0.2318840579710145
Montesilvano,677,426304.0,3218,0.413589364844904,0.1508876294850623,0.2858918582970789
Montone,18,73951.0,579,0.16666666666666666,0.0005273762356154751,0.0034542314335060447
Montopoli di Sabina,36,7648.0,94,0.4722222222222222,0.23077928870292888,0.43617021276595747
Montorio al Vomano,130,215048.0,1044,0.23846153846153847,0.07096090175216696,0.07950191570881227
Montottone,2,1356.0,13,0.5,0.6128318584070797,0.5384615384615384
Moresco,10,7534.0,61,0.1,0.027475444650915847,0.03278688524590164
Morro Reatino,3,238.0,3,0.0,0.0,0.0
Morro d'Alba,15,36743.0,273,0.4666666666666667,0.04006205263587622,0.08791208791208792
Morro d'Oro,35,92440.0,592,0.22857142857142856,0.01008221549112938,0.010135135135135136
Morrovalle,152,230624.0,1503,0.3157894736842105,0.07226047592618287,0.08383233532934131
Mosciano Sant'Angelo,232,752297.0,3413,0.33189655172413796,0.1802014364007832,0.10313507178435394
Moscufo,36,72228.0,587,0.3888888888888889,0.026000996843329457,0.3594548551959114
Muccia,22,11783.0,99,0.6818181818181818,0.16540779088517354,0.31313131313131315
Narni,279,383474.0,2510,0.3835125448028674,0.040610315171302355,0.09402390438247012
Navelli,6,1977.0,28,0.3333333333333333,0.03237228123419322,0.10714285714285714
Nepi,94,106627.0,554,0.46808510638297873,0.09416001575585921,0.16064981949458484
Nereto,84,77045.0,520,0.38095238095238093,0.08064118372379778,0.16923076923076924
Nocciano,14,8876.0,73,0.21428571428571427,0.009125732311852186,0.0273972602739726
Nocera Umbra,39,47566.0,223,0.358974358974359,0.02388260522221755,0.07174887892376682
Norcia,88,59511.0,492,0.36363636363636365,0.14847675219707282,0.17073170731707318
Notaresco,93,126252.0,702,0.40860215053763443,0.23499825745334726,0.2535612535612536
Numana,68,80368.0,622,0.2647058823529412,0.08999850686840534,0.1977491961414791
Ocre,9,2630.0,36,0.5555555555555556,0.03193916349809886,0.1388888888888889
Ofena,3,1377.0,59,0.3333333333333333,0.7647058823529411,1.0
Offagna,17,29172.0,185,0.29411764705882354,0.04795694501576855,0.08108108108108109
Offida,106,152664.0,617,0.1792452830188679,0.015707697951055914,0.05348460291734198
Onano,5,1325.0,3,0.8,0.07698113207547169,1.0
Oriolo Romano,29,35461.0,147,0.5517241379310345,0.09384958123008376,0.2925170068027211
Orsogna,45,52726.0,382,0.4,0.017031445586617608,0.10732984293193717
Orte,92,68644.0,305,0.391304347826087,0.10392751005186178,0.26557377049180325
Ortezzano,12,41242.0,225,0.3333333333333333,4.849425343096843e-05,0.0
Ortona,275,731801.0,2396,0.4109090909090909,0.058468080803387806,0.2541736227045075
Orvieto,307,404352.0,2604,0.39087947882736157,0.10491354067742957,0.12864823348694315
Orvinio,3,332.0,2,0.6666666666666666,0.9216867469879518,1.0
Osimo,671,1243987.0,5169,0.2563338301043219,0.08572919170377183,0.12749081060166376
Ostra,75,134351.0,831,0.3333333333333333,0.11410410045329027,0.10589651022864019
Ostra Vetere,59,83483.0,482,0.2542372881355932,0.04422457266748919,0.10580912863070539
Otricoli,10,2920.0,45,0.5,0.07979452054794521,0.15555555555555556
Ovindoli,26,5066.0,94,0.5384615384615384,0.3416896960126332,0.30851063829787234
Paciano,12,2449.0,34,0.4166666666666667,0.30706410779910165,0.5294117647058824
Panicale,80,67841.0,733,0.4125,0.1109063840450465,0.19918144611186903
Parrano,3,1351.0,7,0.6666666666666666,1.0,1.0
Passignano sul Trasimeno,48,63630.0,599,0.375,0.2236209335219236,0.29716193656093487
Pedaso,22,32196.0,160,0.09090909090909091,0.004224127220772767,0.0125
Peglio,11,556.0,14,0.6363636363636364,0.9820143884892086,1.0
Penna San Giovanni,8,4746.0,32,0.25,0.027391487568478718,0.0
Penna Sant'Andrea,17,19718.0,120,0.17647058823529413,0.024241809514149507,0.016666666666666666
Penna in Teverina,12,3583.0,21,0.4166666666666667,0.514652525816355,0.47619047619047616
Pennapiedimonte,5,1727.0,14,0.4,0.09438332368268675,0.14285714285714285
Penne,78,91275.0,1502,0.38461538461538464,0.09110928512736237,0.10918774966711052
Pergola,92,115093.0,776,0.3804347826086957,0.05022025666200377,0.14690721649484537
Perugia,3010,8827819.0,28826,0.386046511627907,0.13267637227269838,0.13636994380073544
Pescara,2530,2824996.0,16077,0.42648221343873516,0.21970331993390432,0.290539279716365
Pescorocchiano,7,1058.0,25,0.5714285714285714,0.2731568998109641,0.44
Pescosansonesco,1,66.0,3,1.0,1.0,1.0
Petrella Salto,3,575.0,9,0.6666666666666666,0.6086956521739131,0.5555555555555556
Petriano,49,150759.0,771,0.1836734693877551,0.023394954861732965,0.04409857328145266
Petriolo,18,30163.0,212,0.2777777777777778,0.3496005039286543,0.3584905660377358
Petritoli,21,15340.0,68,0.38095238095238093,0.026923076923076925,0.058823529411764705
Piandimeleto,48,94202.0,293,0.3333333333333333,0.03206938281565147,0.09897610921501707
Pianella,65,158131.0,516,0.3384615384615385,0.07952267423844787,0.10271317829457365
Piansano,14,16844.0,42,0.21428571428571427,0.00765851341724056,0.0
Picciano,8,4332.0,41,0.25,0.06255771006463527,0.0975609756097561
Piegaro,20,119663.0,260,0.25,0.005356710094181159,0.026923076923076925
Pietracamela,15,1791.0,28,0.6,0.49022892238972643,0.32142857142857145
Pietralunga,15,23228.0,131,0.26666666666666666,0.024022731186499054,0.05343511450381679
Pietranico,2,1290.0,18,0.0,0.0,0.0
Pieve Torina,21,27666.0,135,0.38095238095238093,0.07597773440323863,0.18518518518518517
Pineto,248,322032.0,1746,0.3588709677419355,0.10825942763452079,0.16953035509736541
Piobbico,35,28768.0,146,0.14285714285714285,0.02200361512791991,0.03424657534246575
Pioraco,6,10235.0,138,0.16666666666666666,0.010161211529066927,0.007246376811594203
Pizzoli,53,24805.0,162,0.3584905660377358,0.1373513404555533,0.2962962962962963
Poggio Bustone,5,982.0,20,0.4,0.038696537678207736,0.25
Poggio Catino,6,6768.0,21,0.3333333333333333,0.0,0.0
Poggio Mirteto,49,18109.0,158,0.4489795918367347,0.2929482577723784,0.2721518987341772
Poggio Moiano,36,4878.0,102,0.5277777777777778,0.24128741287412875,0.21568627450980393
Poggio Nativo,15,3011.0,30,0.6,0.14878777814679509,0.4666666666666667
Poggio Picenze,8,8794.0,38,0.125,0.0,0.0
Poggio San Vicino,1,886.0,16,0.0,0.0,0.0
Poggiodomo,1,94.0,1,1.0,1.0,1.0
Poggiofiorito,18,37892.0,194,0.16666666666666666,0.009025651852633801,0.030927835051546393
Polino,1,0.0,0,1.0,0.0,0.0
Pollenza,100,98747.0,599,0.3,0.11388700416215176,0.15525876460767946
Polverigi,36,79455.0,467,0.3055555555555556,0.03381788433704613,0.2012847965738758
Ponzano di Fermo,21,36205.0,250,0.42857142857142855,0.25794779726557104,0.212
Popoli,49,107361.0,401,0.2653061224489796,0.011819934613127673,0.032418952618453865
Porano,5,715.0,20,0.8,0.9734265734265735,1.0
Porto Recanati,129,176954.0,1007,0.5116279069767442,0.16794195101551815,0.22740814299900694
Porto San Giorgio,323,202016.0,994,0.34055727554179566,0.39140959131949943,0.2987927565392354
Porto Sant'Elpidio,440,374210.0,2787,0.32272727272727275,0.19587130220998905,0.21026193039110155
Posta,1,3340.0,20,0.0,0.0,0.0
Potenza Picena,185,166479.0,1091,0.43243243243243246,0.10799560304903322,0.21998166819431714
Prata d'Ansidonia,3,509.0,7,0.6666666666666666,0.2082514734774067,0.2857142857142857
Preci,11,11479.0,74,0.18181818181818182,0.0,0.013513513513513514
Pretoro,19,53024.0,193,0.15789473684210525,0.01967033796016898,0.07772020725388601
Proceno,2,3906.0,17,0.0,0.0,0.0
Rapagnano,37,39649.0,290,0.32432432432432434,0.4374637443567303,0.43103448275862066
Rapino,8,6563.0,70,0.375,0.21956422367819595,0.14285714285714285
Recanati,360,763086.0,4252,0.3055555555555556,0.08290677590730272,0.09971777986829727
Rieti,693,315696.0,2755,0.5194805194805194,0.2513715726521717,0.3528130671506352
Ripa Teatina,30,25420.0,124,0.2,0.1288355625491739,0.11290322580645161
Ripatransone,90,134554.0,883,0.34444444444444444,0.14151195802428765,0.18912797281993204
Ripe San Ginesio,18,6189.0,46,0.2777777777777778,0.0946841169817418,0.2391304347826087
Rivodutri,2,365.0,9,0.5,0.9972602739726028,0.8888888888888888
Rocca Santa Maria,5,1009.0,18,0.8,0.666005946481665,0.2777777777777778
Rocca Sinibalda,3,171.0,6,0.6666666666666666,0.6783625730994152,1.0
Rocca di Cambio,6,3588.0,43,0.5,0.302396878483835,0.5116279069767442
Rocca di Mezzo,20,3025.0,61,0.6,0.36991735537190085,0.5737704918032787
Roccacasale,6,2215.0,40,0.3333333333333333,0.2094808126410835,0.475
Roccafluvione,4,4611.0,24,0.0,0.0,0.0
Roccamontepiano,13,4270.0,116,0.38461538461538464,0.23302107728337237,0.5172413793103449
Roccamorice,1,647.0,14,0.0,0.0,0.0
Roccantica,2,327.0,9,0.0,0.0,0.0
Ronciglione,107,55342.0,360,0.3177570093457944,0.410773011456037,0.46111111111111114
Rosciano,43,44097.0,206,0.3023255813953488,0.018618046579132366,0.05825242718446602
Roseto degli Abruzzi,371,573786.0,3154,0.40700808625336926,0.07057857807614686,0.1160431198478123
Rosora,18,112817.0,407,0.3333333333333333,0.00564631216926527,0.009828009828009828
Rotella,8,10757.0,79,0.0,0.0,0.0
Salisano,1,0.0,0,1.0,0.0,0.0
San Benedetto del Tronto,1268,1018662.0,6176,0.3777602523659306,0.1645531098637232,0.22085492227979275
San Costanzo,29,27313.0,187,0.3103448275862069,0.08472156116135174,0.13903743315508021
San Demetrio ne' Vestini,13,11903.0,84,0.38461538461538464,0.2605225573384861,0.25
San Gemini,36,54403.0,284,0.3888888888888889,0.053857324044629895,0.13732394366197184
San Ginesio,46,38878.0,193,0.32608695652173914,0.15070219661505221,0.2538860103626943
San Giovanni Teatino,380,1231782.0,4899,0.39210526315789473,0.12705982065008256,0.13819146764645845
San Giustino,130,276544.0,1650,0.3076923076923077,0.03430557162693821,0.06363636363636363
San Lorenzo Nuovo,24,6871.0,62,0.5,0.19109299956338233,0.11290322580645161
San Lorenzo in Campo,48,37240.0,300,0.2708333333333333,0.07113319011815253,0.16333333333333333
San Marcello,15,7436.0,41,0.4,0.08512641204948897,0.0975609756097561
San Martino sulla Marrucina,11,29991.0,157,0.36363636363636365,0.262778833650095,0.22929936305732485
San Paolo di Jesi,12,26204.0,191,0.5,0.5086246374599298,0.5078534031413613
San Pio delle Camere,5,5382.0,24,0.2,0.0,0.0
San Severino Marche,179,252967.0,1135,0.2569832402234637,0.09494123739460088,0.13303964757709252
San Valentino in Abruzzo Citeriore,14,15121.0,114,0.42857142857142855,0.09093313934263607,0.24561403508771928
San Venanzo,26,12570.0,207,0.2692307692307692,0.005727923627684964,0.00966183574879227
San Vito Chietino,40,77908.0,463,0.45,0.036863993428146016,0.1900647948164147
Sant'Anatolia di Narco,7,43739.0,188,0.42857142857142855,0.0001371773474473582,0.0
Sant'Angelo in Pontano,13,34834.0,116,0.3076923076923077,0.32060630418556585,0.25
Sant'Angelo in Vado,67,87996.0,407,0.26865671641791045,0.07241238238101731,0.12776412776412777
Sant'Egidio alla Vibrata,203,229973.0,1280,0.39408866995073893,0.11248276971644497,0.22734375
Sant'Elpidio a Mare,272,772216.0,4000,0.34558823529411764,0.1634050576522631,0.1145
Sant'Eusanio Forconese,3,408.0,4,0.6666666666666666,0.7598039215686274,1.0
Sant'Eusanio del Sangro,18,6000.0,72,0.1111111111111111,0.14116666666666666,0.1527777777777778
Sant'Ippolito,47,103957.0,479,0.2127659574468085,0.08801716094154313,0.1419624217118998
Sant'Omero,107,147767.0,794,0.32710280373831774,0.23930918269979087,0.22418136020151133
Santa Maria Nuova,25,34749.0,147,0.48,0.13686724797835909,0.2925170068027211
Santa Vittoria in Matenano,13,7814.0,52,0.07692307692307693,0.05861274635270028,0.1346153846153846
Sante Marie,6,1834.0,13,0.6666666666666666,0.20010905125408943,0.3076923076923077
Sarnano,38,39066.0,173,0.47368421052631576,0.09345722623252957,0.12716763005780346
Sassocorvaro,7,2628.0,21,0.5714285714285714,0.001141552511415525,0.14285714285714285
Sassoferrato,48,53445.0,273,0.25,0.021667134437271963,0.0695970695970696
Scafa,39,12607.0,220,0.3333333333333333,0.15451733164115175,0.2727272727272727
Scandriglia,7,679.0,10,0.7142857142857143,0.7717231222385862,0.5
Scheggia e Pascelupo,7,5918.0,16,0.2857142857142857,0.003041568097330179,0.0
Scheggino,5,2435.0,12,0.2,0.11293634496919917,0.0
Scoppito,46,24716.0,187,0.3695652173913043,0.08160705615795436,0.13903743315508021
Sefro,3,388.0,10,1.0,1.0,1.0
Selci,5,506.0,12,0.8,1.0,1.0
Sellano,12,7376.0,36,0.3333333333333333,0.014099783080260303,0.027777777777777776
Senigallia,631,955908.0,4954,0.294770206022187,0.07226113810115618,0.09366168752523213
Serra San Quirico,37,74289.0,245,0.13513513513513514,0.01840110918170927,0.053061224489795916
Serra Sant'Abbondio,4,3477.0,31,0.25,0.0,0.0
Serra de' Conti,66,119872.0,690,0.07575757575757576,0.001701815269620929,0.005797101449275362
Serramonacesca,5,1028.0,14,0.2,0.05058365758754864,0.21428571428571427
Serrapetrona,6,12651.0,50,0.3333333333333333,0.0,0.0
Serravalle di Chienti,3,380.0,4,0.6666666666666666,0.4263157894736842,0.0
Servigliano,39,29826.0,273,0.2564102564102564,0.020552538054046804,0.029304029304029304
Sigillo,10,37964.0,201,0.4,0.05002107259509009,0.10945273631840796
Silvi,167,177481.0,1120,0.4550898203592814,0.6450098883824184,0.49375
Sirolo,32,19266.0,151,0.21875,0.06067684002906675,0.07947019867549669
Smerillo,2,32.0,0,0.0,0.0,0.0
Soriano nel Cimino,61,39256.0,539,0.29508196721311475,0.03627470959853271,0.05009276437847866
Spello,106,169937.0,1120,0.36792452830188677,0.15565768490675957,0.18482142857142858
Spinetoli,109,327149.0,871,0.22935779816513763,0.041956417412249467,0.04362801377726751
Spoleto,402,1055283.0,4534,0.417910447761194,0.23125834491790354,0.36413762681958534
Spoltore,284,1145040.0,3862,0.3732394366197183,0.02760165583735066,0.13516312791299845
Staffolo,12,12875.0,168,0.25,0.3818252427184466,0.44047619047619047
Stimigliano,14,4668.0,53,0.5714285714285714,0.1928020565552699,0.4716981132075472
Stroncone,35,17686.0,148,0.5142857142857142,0.23119981906592785,0.4391891891891892
Sutri,59,20304.0,154,0.2542372881355932,0.1261327817178881,0.11038961038961038
Tarano,9,3149.0,50,0.5555555555555556,0.8129564941251191,0.56
Tarquinia,187,128724.0,1020,0.4919786096256685,0.19232621733320904,0.22450980392156863
Teramo,942,1033518.0,6333,0.42144373673036095,0.18798221221110809,0.2700142112742776
Terni,1767,4706165.0,16071,0.3729485002829655,0.10314831715420092,0.1565552859187356
Tocco da Casauria,34,78037.0,232,0.35294117647058826,0.09867114317567308,0.31896551724137934
Todi,250,284429.0,1290,0.424,0.0764443850662204,0.16046511627906976
Toffia,4,801.0,8,0.25,0.6903870162297129,0.25
Tolentino,319,438921.0,2904,0.3103448275862069,0.06881876237409465,0.10192837465564739
Tollo,27,54106.0,147,0.7037037037037037,0.06398550992496212,0.22448979591836735
Torano Nuovo,15,10538.0,72,0.26666666666666666,0.10210666160561777,0.125
Torgiano,145,241035.0,1159,0.43448275862068964,0.10125085568485905,0.21570319240724764
Tornimparte,10,3640.0,26,0.8,0.9010989010989011,0.8076923076923077
Torre San Patrizio,27,15636.0,58,0.4074074074074074,0.14460220005116398,0.22413793103448276
Torre de' Passeri,34,25033.0,200,0.38235294117647056,0.04885551072584189,0.085
Torrevecchia Teatina,35,17673.0,146,0.2571428571428571,0.04017427714592882,0.14383561643835616
Torri in Sabina,8,1990.0,42,0.375,0.471356783919598,0.5476190476190477
Torricella Sicura,18,11980.0,85,0.3888888888888889,0.10601001669449082,0.2235294117647059
Torricella in Sabina,4,1414.0,22,0.5,0.09971711456859972,0.13636363636363635
Tortoreto,263,247070.0,1522,0.39923954372623577,0.25050795321164043,0.3567674113009198
Tossicia,7,1728.0,27,0.7142857142857143,0.3304398148148148,0.8518518518518519
Treia,134,383161.0,1365,0.31343283582089554,0.055352710740393725,0.20659340659340658
Trevi,141,251500.0,1274,0.3262411347517731,0.46222266401590456,0.4026687598116169
Tuoro sul Trasimeno,29,8164.0,117,0.41379310344827586,0.26910828025477707,0.3076923076923077
Turrivalignani,10,13555.0,111,0.4,0.2694946514201402,0.2882882882882883
Tuscania,66,48784.0,179,0.5,0.12709084945883897,0.25139664804469275
Umbertide,204,899557.0,3741,0.28921568627450983,0.041209172959578995,0.08152900294039027
Urbania,158,228257.0,1233,0.3037974683544304,0.15192962318789785,0.19870235198702352
Urbino,190,424282.0,1950,0.3263157894736842,0.28392672797809004,0.08615384615384615
Urbisaglia,37,45876.0,310,0.43243243243243246,0.4484043944546168,0.5645161290322581
Ussita,4,1708.0,12,0.25,0.0,0.0
Vacone,2,1625.0,7,0.0,0.0,0.0
Vacri,9,13121.0,49,0.3333333333333333,0.004649035896654218,0.0
Valentano,21,24098.0,261,0.42857142857142855,0.8918167482778654,0.7241379310344828
Valfabbrica,29,36006.0,241,0.41379310344827586,0.049575070821529746,0.1078838174273859
Valle Castellana,6,2052.0,31,0.3333333333333333,0.07943469785575048,0.25806451612903225
Vallerano,11,24014.0,38,0.18181818181818182,0.012825851586574498,0.07894736842105263
Vallo di Nera,3,1488.0,19,0.0,0.0,0.0
Valtopina,11,5669.0,74,0.2727272727272727,0.019580172869994708,0.04054054054054054
Vasanello,13,3287.0,37,0.38461538461538464,0.17036811682385153,0.16216216216216217
Vejano,4,253.0,4,0.75,0.758893280632411,1.0
Venarotta,7,4186.0,49,0.42857142857142855,0.023172479694218824,0.061224489795918366
Vetralla,102,131391.0,567,0.3333333333333333,0.48568775639122924,0.3368606701940035
Vicoli,2,571.0,7,0.5,0.014010507880910683,0.0
Vignanello,32,117718.0,451,0.40625,0.03169438828386483,0.031042128603104215
Villa Celiera,2,209.0,6,0.5,0.0,0.16666666666666666
Villa San Giovanni in Tuscia,2,49.0,4,0.5,0.0,0.0
Villa Sant'Angelo,1,109.0,1,1.0,1.0,1.0
Villamagna,28,27412.0,372,0.25,0.25335619436743034,0.4596774193548387
Visso,12,39715.0,174,0.16666666666666666,0.011859498929875362,0.034482758620689655
Viterbo,1448,1164848.0,7195,0.36671270718232046,0.11129005672843152,0.17387074357192495
Vitorchiano,31,23099.0,180,0.3225806451612903,0.6721070176198104,0.5277777777777778
