Comune,AGRICOLTURE,REAL ESTATE,HOSPITALITY,MANUFACTURING,TECH SERVICES,WHOLE/RETAIL SALES,CONSTRUCTIONS,BUSINESS SUPPORT SERVICES,COMMUNICATION AND INFORMATION SERV.,LOGISTICS
Acciano,0.0,0.0,0.0,0.0,0.0,0.382089552238806,0.0,0.11343283582089553,0.0,0.0
Accumoli,0.8488549618320611,0.183206106870229,0.0,0.0,0.0,1.2931297709923664,0.0,0.0,0.0,0.4900763358778626
Acquasanta Terme,0.0,0.005110732538330494,0.1505962521294719,2.1175468483816013,0.006473594548551959,1.1086882453151619,0.5904599659284497,0.015672913117546847,0.0,0.1608177172061329
Acquasparta,0.0,0.09287991498405951,0.3689691817215728,7.829543039319873,0.015302869287991499,3.0737513283740703,1.0108395324123274,0.0021253985122210413,0.0,5.480127523910733
Acquaviva Picena,0.0,0.056672760511883,0.1708017759206059,12.242099764951684,0.18960564115957168,2.896056411595717,0.583964481587882,0.0018281535648994515,0.0,0.0334290937581614
Alba Adriatica,0.8193380075004076,0.24873634436654166,1.0746779716288928,2.0864177400945705,0.056171531061470735,4.541089189629871,1.2259905429642914,0.09163541496820479,0.10003261046796022,0.010842980596771563
Allerona,0.03897550111358575,0.0,0.0,0.0,0.12138084632516703,0.0,0.0,0.0,0.0,0.0
Altidona,0.09207009207009206,0.45827145827145827,1.1173151173151172,23.286011286011288,0.043065043065043065,4.722304722304722,2.2322542322542325,0.19423819423819425,0.0,0.0
Alviano,0.0,0.0,0.0,2.165983606557377,0.0,0.383879781420765,0.0,0.0,0.0,0.0
Amandola,0.04861111111111111,0.010555555555555556,0.0,2.5966666666666667,0.006944444444444444,3.6275,0.17333333333333334,0.37166666666666665,0.3025,0.0
Amatrice,0.07654414550966275,0.0,0.04850322091701402,0.17430845017051913,0.0,2.78021978021978,0.9151193633952255,0.008715422508525956,0.0,0.0
Amelia,0.06996835172354803,0.009580018817894106,0.02805576939526131,0.6094431614062099,0.25558121632024633,4.228894021041827,0.2409545804464973,0.0009408947053288854,0.13463347874433323,0.06286887349243007
Ancarano,0.0,0.5332972387655658,0.2582566323768273,86.0774228478614,0.07146724417975095,53.32539252842447,15.076881429344883,1.423389279913373,0.002165674066053059,1.3616675690308608
Antrodoco,0.0,0.035811599844297395,0.05799922148695991,1.1701050992604125,0.0,0.30556636823666794,1.5940054495912805,0.09108602569093033,0.0,0.0
Apiro,0.6091148115687993,0.01621384750219106,0.0,9.992112182296232,0.0,0.11042944785276074,2.455302366345311,0.0,0.0,0.6577563540753725
Appignano,0.06487642585551331,0.39401140684410646,0.048716730038022814,38.16611216730038,0.08293726235741444,3.1855988593155895,0.5033269961977186,0.19035171102661597,0.015209125475285171,0.4636406844106464
Appignano del Tronto,0.0033783783783783786,0.07995495495495496,0.0,1.2747747747747749,0.051238738738738736,1.5405405405405406,1.1182432432432432,0.007882882882882882,0.16891891891891891,0.0
Arquata del Tronto,0.0,0.02695871946082561,0.0,9.907329401853412,0.0,2.1794439764111204,0.0,0.0,0.0,0.6486941870261163
Arrone,0.019307832422586522,0.025865209471766848,0.3380692167577414,4.70528233151184,0.0,0.8601092896174863,0.3304189435336976,0.0,0.2692167577413479,0.0
Arsita,0.04567307692307692,0.0,0.0,0.31971153846153844,0.0,0.0,0.0,0.3798076923076923,0.0,0.0
Ascoli Piceno,0.15295577525529924,0.4927173603482648,0.2616257781032589,14.157756621506163,0.764636478294479,19.428333129907646,1.7561536270800278,0.39495097440904836,0.28394157614223525,0.9713373204768299
Assisi,0.06141574560932861,0.3303287191043388,0.993990771542011,19.685731659333978,0.15913724648567443,2.502950960403477,1.5368601781307007,0.33097256501055194,0.26218836069678436,1.6354043709983188
Atri,0.0009359790340696368,0.08508049419692999,0.018345189067764882,10.4448708348933,0.02368026956196181,0.835174092100337,2.904810932235118,0.004211905653313365,0.0,0.2314676151254212
Attigliano,0.0,0.0,0.0,0.02233009708737864,0.0,0.9058252427184466,0.0,0.01650485436893204,0.0,0.0
Avigliano Umbro,0.048818897637795275,0.03858267716535433,0.07322834645669292,1.5696850393700787,0.0,4.928740157480315,0.30236220472440944,0.16456692913385826,0.4547244094488189,0.09527559055118111
Barete,0.0,0.002663115845539281,0.0,0.09320905459387484,0.0,1.7256990679094542,0.2623169107856192,0.0,0.0,0.0
Barisciano,0.011406844106463879,0.11026615969581749,0.0,3.1439435089625203,0.0010863661053775121,0.0,3.1564367191743616,0.08093427485062465,0.1499185225420967,0.0
Baschi,0.341804788213628,0.0,0.3116022099447514,0.9447513812154696,0.0,1.3112338858195212,1.1874769797421731,0.0,0.0,0.24935543278084715
Basciano,0.0,0.13352506162695152,0.44905505341002466,20.147904683648317,0.0,5.006573541495481,3.132292522596549,0.07723911257189811,0.030402629416598194,0.20542317173377156
Bastia Umbra,0.0625721009644225,0.3181209911863781,0.3070462830510821,18.436620368234045,0.18448617968713948,14.492778367403442,1.3292879885561348,0.2543952747911956,0.44861796871394954,4.939781274514328
Belforte del Chienti,0.07177289769683985,24.975897161221212,0.6636314943760043,0.6411355115158007,0.025709694697375468,2.244777718264596,1.1547937868237814,0.0,0.0,0.0
Bellante,0.12876981343806987,0.7015009117688316,0.0,0.5135362603450694,0.0,1.277177724786085,0.5328938139991584,0.009959321082900827,0.0,0.1865619301444803
Belmonte Piceno,0.0,0.0,0.0,2.4516129032258065,0.03533026113671275,0.0,0.3778801843317972,0.0,0.006144393241167435,0.0
Belmonte in Sabina,0.0,0.0,0.0,0.49312977099236643,0.0,0.0,0.22442748091603054,0.11145038167938931,0.0,0.0
Bettona,2.0628756356911695,0.1994914470642626,0.21428571428571427,13.49283402681461,0.012944983818770227,2.504854368932039,0.15349052242256125,0.0,0.0,0.0
Bevagna,1.2783484788621098,0.029039905175819836,0.02449624654286843,5.021335440537337,0.2088107467404188,0.5942315290399052,0.3719873567759779,0.0,0.0,0.0
Bisenti,0.0,0.07540301612064483,0.0,0.0010400416016640667,0.0,2.99739989599584,1.0863234529381176,0.0,0.0,0.031721268850754034
Bolognola,0.0,0.0,0.0,0.0,0.0,0.0,0.0,0.0,0.0,0.0
Borbona,0.057971014492753624,0.0,0.0,0.0,0.0,0.0,3.2254428341384864,0.0,0.0,0.0
Borgo Velino,0.5822267620020429,0.0,0.1317671092951992,1.6281920326864148,0.0,0.0,2.3534218590398366,0.0,0.0,0.0
Borgorose,0.0,0.0,0.0,0.08085295424255887,0.0,0.0,0.028209684584629052,0.003553976010661928,0.3362949800088849,0.033096401599289206
Cagnano Amiterno,0.8486407053637032,0.0,0.0,0.0,0.0,0.0,0.0,0.0,0.0,1.5349008082292432
Calascio,1.2941176470588236,0.0,0.0,0.0,0.0,0.0,0.0,0.0,0.0,0.0
Caldarola,0.0,0.08970831040176115,0.0,37.69620253164557,0.0,1.1375894331315355,1.5872317006053935,0.0,0.0,0.0
Calvi dell'Umbria,0.0,0.02182214948172395,0.0,3.521003818876159,0.0,0.0,0.0016366612111292963,0.3791598472449536,0.0,0.5291871249318058
Camerino,0.011022044088176353,0.021042084168336674,0.164758087603779,2.591468651588892,0.10234755224735184,4.159748067563699,0.47223017463498423,5.775551102204409,0.4111079301460063,4.288434010878901
Campello sul Clitunno,0.10828547990155865,0.009844134536505332,0.2132895816242822,14.40853158326497,0.14191960623461855,0.06562756357670221,1.8999179655455292,0.31009023789991796,0.0,0.3826907301066448
Campli,0.04514035830159402,0.42770489490760333,0.06517139229792636,4.77768373536465,0.008040626322471435,1.2886161658908168,0.6903653547750035,0.09338411623642262,0.5536747072929892,0.0
Campofilone,0.108023072889355,0.07341373885684321,0.329837441006817,7.606712113266911,0.0,2.9465128474043,0.3466177241740954,0.1793392763502884,0.12952281069743052,1.9716832721552175
Camporotondo di Fiastrone,2.1221640488656197,0.0,0.0,0.0,0.0,0.0,0.0,0.0,0.0,0.0
Campotosto,0.0,0.0,0.0,0.14917127071823205,0.0,0.0,0.5082872928176796,0.0,0.0,0.0
Cannara,0.28973277074542897,0.19854664791373652,0.11931551804969527,2.0555555555555554,0.09751523675574308,6.12892639474918,0.7081575246132208,0.0,0.02531645569620253,0.0
Cantalice,0.0,0.0,0.0,0.08962962962962963,0.0,0.09222222222222222,0.8311111111111111,0.0,0.0,0.0
Cantalupo in Sabina,0.016826923076923076,0.8263221153846154,0.0,0.0,0.0,2.7806490384615383,0.0,0.0,0.0,0.0
Canzano,0.25737959606421545,0.0,0.0,3.867426204039358,0.033661315380631794,0.3537027446918695,3.160020714655619,0.0,0.04350077679958571,0.0
Capestrano,0.0011402508551881414,0.0,0.0,0.5028506271379704,0.5302166476624858,0.0,0.2702394526795895,0.0,0.0,0.0
Capitignano,0.0,0.0,0.0,0.0,0.0,0.0,9.816417910447761,0.0,0.022388059701492536,0.0
Carapelle Calvisio,0.0,0.0,0.0,0.0,0.0,0.0,0.03333333333333333,0.0,0.0,0.0
Carassai,0.04792043399638336,0.006329113924050633,0.0,0.5750452079566004,0.0,0.0,0.1654611211573237,0.0,0.0,0.0
Carsoli,0.0,0.1549243821468093,0.04518627812615271,6.729435632607894,0.010697159719660641,1.8921062338620436,1.5018443378827002,0.0549612689044633,0.20638140907414237,0.4288085577277757
Casaprota,0.0,0.0,0.06206896551724138,0.10344827586206896,0.0,0.0,0.8372413793103448,0.0,0.0,0.0
Cascia,0.0,0.0,1.2397879638291238,0.0,0.016214530714062987,4.641097599002182,0.06766448394137824,0.0,0.0,0.0
Casperia,0.0,0.0463038180341186,0.012185215272136474,1.1307879772542648,0.0,0.39642567018683994,0.05280259951259139,0.0,0.0,0.0
Castel Castagna,0.0,0.0,0.0,0.0,0.0,0.0,0.0,0.0,0.0,0.0
Castel Giorgio,0.0,0.0,0.0,0.22641509433962265,0.0,0.2617924528301887,0.0,0.0,0.010849056603773584,1.224056603773585
Castel Ritaldi,0.042001235330450894,1.2171093267449042,0.03304508956145769,2.121988882025942,0.0,2.952130945027795,0.3329215565163681,0.0,0.017603458925262508,0.29308214947498457
Castel Sant'Angelo,0.0,0.0,0.11816720257234727,1.6045016077170418,0.0,0.0,0.0,0.0,0.0,0.0
Castel Viscardo,0.1273037542662116,0.0,0.0,2.778839590443686,0.0017064846416382253,0.2508532423208191,0.0552901023890785,0.0037542662116040954,0.0,0.210580204778157
Castel del Monte,0.0,0.0,0.0,0.0,0.0,0.0,0.17266187050359713,0.0,0.0,0.0
Castel di Lama,0.0,0.04573276359856796,0.16248989490703314,0.8937521653770644,0.08060977018131424,1.0405358586441853,0.5885206143896524,0.0,0.027947799976902644,0.28756207414251067
Castel di Tora,0.0,0.0,0.0,0.0,0.0,0.0,0.5244755244755245,0.0,0.0,0.0
Castellalto,0.16015520470966016,0.08964409954508964,0.05311747390955312,76.32459191865132,0.06181428953706181,3.5871019534385873,0.6210864329676211,0.005887075194005887,0.2241102488627241,1.6633663366336633
Castelli,0.0,0.0,0.0,1.2595486111111112,0.0,0.04079861111111111,2.892361111111111,0.0,0.0,0.3420138888888889
Castelnuovo di Farfa,0.016175071360608945,0.0,0.0,0.0,0.0,0.0,0.0,0.0,0.0,0.0
Castelraimondo,0.0,0.04342105263157895,0.0,2.0728070175438598,0.0035087719298245615,5.0587719298245615,0.868859649122807,0.0,0.0,0.0
Castelsantangelo sul Nera,0.0,0.0,0.0,31.006920415224915,0.0,0.0,0.0,0.0,0.0,0.0
Castiglione Messer Raimondo,0.0008639308855291577,0.007775377969762419,1.2453563714902807,7.493304535637149,0.0,0.9758099352051836,1.0984881209503239,0.023758099352051837,0.0,0.9745140388768898
Castiglione del Lago,0.32643238610140435,0.09250346146238544,0.2523241247445111,3.5265378782883894,0.02887848618711677,46.666908419595174,0.9947913232676205,0.12375552185666248,0.138326630183952,0.6762049185732182
Castignano,1.8437388512308241,0.47342133428469496,0.0,9.121655369247236,0.07563325008919015,0.0,2.5272921869425615,0.0,0.0,0.2879058151980021
Castilenti,0.05697445972495088,0.0,0.10412573673870335,50.554682383759,0.0,0.24361493123772102,3.2167648984937784,0.0,0.0,9.356254092992796
Castorano,0.0,0.0,0.0,0.04718543046357616,0.0,0.007864238410596027,0.5629139072847682,0.0,0.0,0.8762417218543046
Celano,4.685029282576867,0.0648792093704246,0.0632320644216691,0.375,0.2118411420204978,7.096357979502196,0.8028001464128843,0.04300878477306003,0.018301610541727673,0.3850658857979502
Cellino Attanasio,0.0732200647249191,0.024676375404530743,0.0,15.73705501618123,0.0,1.1743527508090614,0.0,0.054207119741100325,0.0,0.023462783171521034
Cermignano,0.0,0.0,0.0,1.4269392663860494,0.0,0.0,0.0,0.0,0.0,0.0
Cerreto di Spoleto,0.0,0.0,7.070224719101123,2.451310861423221,0.0,0.0,0.0,0.0,0.0,0.0
Cingoli,4.633136094674557,0.15200310408381026,0.09263750121253274,2.3045882238820448,0.062469686681540404,3.430788631293045,0.7046270249296731,0.0,0.07740809001843049,0.6295469977689397
Citerna,2.6895276038702334,0.045816733067729085,0.07029026750142288,37.94336937962436,0.07512805919180421,3.7891291974957313,1.445930563460444,0.3881616391576551,0.13033579965850883,0.0
Cittaducale,0.017281780902167546,0.028265963678968952,0.059314586994727594,30.393966022261278,0.16725248974809606,2.0887521968365554,1.6104276508494435,0.13268892794376097,0.0048330404217926184,0.37170474516695956
Cittareale,0.0,0.0,0.0,0.0,0.0,0.0,0.0,0.0,0.0,0.0
Città della Pieve,0.18175912693257112,0.11978692997271664,0.16863713134987657,2.3533844354943483,0.03533844354943484,5.299467324931792,1.3307782252825777,0.7201507080680785,0.01143302585422892,0.016629855787969338
Città di Castello,2.7294129534202285,0.34045670405173284,0.3118621804587249,14.30936142265333,0.1681822774578155,14.848944124482166,0.9652925128826917,0.29309386682833183,0.09662018793573811,0.8280286955643125
Civitanova Marche,0.07033815035828121,0.45991803867999137,0.5972152323435665,11.859084046300957,0.8417571356675534,10.858173364967527,1.0552160471637069,0.21017566563615883,0.32276463680590506,3.195197354231073
Civitella del Tronto,0.010831035840882236,0.1372587632926349,0.4318629381646317,19.65931469082316,0.0005907837731390311,0.5870421425758172,0.740252067743206,0.004726270185112249,0.0,0.29440724694761716
Collazzone,1.4735319641307492,0.06132484813422042,0.06479606595313855,6.352039340468615,0.07492045125831646,1.872143477003182,3.102400925658085,0.0026034133641886026,0.0,0.6835406421752965
Colle di Tora,0.0,0.0,0.0,0.0,0.0,0.0,0.29581151832460734,0.0,0.0,0.0
Colledara,0.16001834021091244,0.0,0.001375515818431912,1.5213204951856947,0.0,0.5557083906464925,0.9527739569005044,0.3452544704264099,0.0,0.0
Collepietro,0.0,0.0,0.0,0.1702127659574468,0.0,0.0,0.0,0.0,0.0,0.0
Collevecchio,0.0,0.0,0.23435504469987228,0.0,0.0,0.08109833971902937,0.520434227330779,0.0,0.0,0.7515964240102171
Colli del Tronto,0.0,0.07479674796747968,0.6249322493224932,4.9487804878048784,0.0,1.3696476964769648,0.8932249322493225,0.41192411924119243,0.0,0.05880758807588076
Colmurano,0.0,0.0,0.0831353919239905,1.323040380047506,0.0,4.885985748218527,0.03642121931908155,0.0,0.0,0.3404592240696754
Colonnella,0.721488271771367,0.19600970612024804,0.2262065246697223,17.32461579940685,0.0792666486923699,16.13804259908331,0.78215152332165,0.08870315448908062,0.25397681315718523,0.8781342679967646
Comunanza,0.0,0.06289506953223767,0.0922882427307206,23.711441213653604,0.05815423514538559,2.642541087231353,1.2822376738305943,0.213653603034134,0.0,1.5692161820480404
Concerviano,0.0,0.0,0.0,0.24210526315789474,0.0,0.0,0.0,0.0,0.0,0.0
Configni,0.11251980982567353,0.0,0.0,0.17591125198098256,0.0,2.098256735340729,0.3486529318541997,0.0,0.0,0.0
Contigliano,0.02078272604588394,0.0,0.16707152496626182,0.03913630229419703,0.0,0.6078272604588394,0.07530364372469636,0.017813765182186234,0.0,0.4342780026990553
Controguerra,0.0579950289975145,0.05343827671913836,0.02112676056338028,22.705468102734052,0.891880695940348,1.8342999171499585,0.006628003314001657,0.46023198011599004,0.0,2.6139188069594033
Corciano,3.4925401501472964,0.3197282143875321,0.2848047134847477,29.579682600019005,0.5964078684785707,8.386629288225791,1.1307136748075644,1.0643827805758814,0.8921885393899078,9.891190725078399
Corfinio,0.045933014354066985,0.0,0.0,0.0,0.0,0.02583732057416268,0.3291866028708134,0.0,0.18181818181818182,0.0
Corridonia,0.7510061015188887,0.43418148773205245,0.09009476827210178,8.775736725950928,4.300597169933792,12.898156562378293,3.317798260418019,1.0265480981435804,0.21757756718161755,2.7755419966246917
Corropoli,0.016145106637432727,0.17600159457843334,0.3500099661152083,26.144707992824397,0.024117998804066176,93.59198724337253,1.7564281443093481,0.06238788120390672,0.01036475981662348,0.02551325493322703
Cossignano,0.0,0.0,0.0,0.05402650356778797,0.0,0.0,0.2528032619775739,0.0,0.0,0.0
Costacciaro,0.0,0.0,0.0,5.33003300330033,0.0,0.0,0.6237623762376238,0.06518151815181518,0.0,0.0
Cottanello,0.13250883392226148,0.0,0.0,0.0,0.0,0.0,0.0,0.0,0.0,0.0
Crognaleto,0.02530674846625767,0.0,0.08052147239263803,0.10122699386503067,0.4831288343558282,0.0,17.976993865030675,0.0,0.0,0.0
Cupra Marittima,0.0036968576709796672,0.12606284658040665,0.1924214417744917,0.40924214417744914,0.011460258780036968,8.855452865064695,0.9628465804066544,0.11256931608133088,0.00018484288354898336,0.0833641404805915
Deruta,0.2740717432347388,0.08013425634571009,0.08107824627648416,1.1389762953639606,0.26452695615691213,3.3222152297042165,0.8438221103419341,0.14159848961611077,0.07803650094398994,0.2330606251311097
Esanatoglia,0.13238886174890083,0.10112359550561797,0.5525158768930142,21.765021983390326,0.0,0.9804592085979482,0.2325354176844162,0.04689789936492428,0.09379579872984856,1.0556912554958475
Fabro,0.017470300489168415,0.10587002096436059,0.038085255066387144,1.587351502445842,0.010831586303284416,7.915094339622642,0.24912648497554157,0.2557651991614256,0.06988120195667366,0.0
Fagnano Alto,0.0,0.0,0.20334928229665072,0.0,0.0,0.0,25.232057416267942,0.0,0.04784688995215311,0.0
Falerone,0.01286654697785757,0.1457211250748055,0.0,15.92130460801915,0.0,6.039497307001795,3.305505685218432,0.0,0.44165170556552963,0.0
Fano Adriano,0.06529209621993128,0.0,0.36082474226804123,0.0,0.0,0.0,0.0,0.0,0.0,0.0
Fara in Sabina,0.029015854023332337,0.04793598564163925,0.06221956326652707,0.9854172898594077,0.1492671253365241,1.281334131020042,0.6039485492072988,0.03836374513909662,0.05309602153754113,0.7847741549506432
Ferentillo,0.0,0.0,0.19152276295133439,2.666143380429095,0.0,0.14913657770800628,0.10675039246467818,0.0,0.0,0.09262166405023547
Fermo,0.013653974615898463,0.1297261189044756,0.24248496993987975,6.369218436873748,0.2152304609218437,3.396499665998664,0.44374081496325984,0.07401469605878423,0.49624582498329994,0.876499665998664
Fiastra,0.2492753623188406,0.0,0.0,0.13478260869565217,0.0,0.0,0.042028985507246375,0.0,0.0,0.0
Ficulle,0.033013205282112844,0.11284513805522209,0.04981992797118848,0.0,0.0,0.0,0.4729891956782713,0.0,0.0024009603841536613,0.0
Fiuminata,0.022808267997148968,0.0,0.0,0.8517462580185318,0.0,2.126870990734141,0.4119743406985032,0.0,0.0,0.0
Folignano,0.0,0.0366288492706645,0.006591031874662345,1.0438681793625066,0.0,0.16531604538087522,0.29821717990275526,0.0,0.00637493246893571,0.08968125337655321
Foligno,0.08106141285055023,0.2763400780972666,0.30651402200922967,9.402094426695065,0.42039403620873267,4.619577564785232,1.061466098686546,0.3463791267305644,0.2086616968406106,0.17236421725239617
Fontecchio,0.0,0.0,0.0,0.0,0.0,0.0,0.09366391184573003,0.005509641873278237,0.0,0.0
Forano,0.0,0.0,0.0,0.07466579719595696,0.19726116726442777,2.671014020215194,0.5878708835996087,0.03782197587218781,0.005216824258232801,0.442777958917509
Force,0.0,0.03610906411201179,0.0,13.567428150331613,0.0,0.0036845983787767134,0.0655858511422255,0.0,0.0,0.0
Fossa,0.0,0.0,0.1814404432132964,1.5858725761772854,0.0,2.0886426592797784,0.5152354570637119,0.1814404432132964,0.0,0.0
Fossato di Vico,0.013993541442411194,0.5981341944743451,0.06315034086831718,46.20452099031216,0.0,0.5536419088625762,0.26695371367061355,0.043774668101901684,0.0,0.0
Francavilla d'Ete,0.007246376811594203,0.025879917184265012,0.0,49.09834368530021,0.0,0.005175983436853002,0.8312629399585921,0.0,0.0,0.0
Frasso Sabino,0.0,0.0,0.0,0.0,0.0,0.0,0.0,0.1307901907356948,0.0,0.0
Fratta Todina,0.13425414364640884,0.03259668508287293,0.20718232044198895,3.8552486187845303,0.09502762430939227,1.1232044198895028,1.201657458563536,0.0,0.0,0.0
Gagliole,0.03645007923930269,0.0,0.0,7.736925515055468,0.0,0.0,0.0,0.0,0.0,0.003169572107765452
Giano dell'Umbria,3.8617801047120417,0.3539267015706806,0.0,56.63089005235602,0.0,1.994240837696335,0.08534031413612565,0.049738219895287955,0.3568062827225131,2.643979057591623
Giove,0.0,0.0,0.01905252317198764,0.06797116374871266,0.0,0.09629248197734294,1.0118434603501545,0.0,0.0,0.0
Giulianova,0.04084489120753276,0.523815582983416,0.7522585570683293,8.162064724095517,0.12758196547482717,4.012257708783984,1.1238919285744582,0.3718030283751113,0.09301437841964627,0.22220808414980703
Greccio,0.020090732339598186,0.11535968891769281,0.23201555411535968,3.200907323395982,0.0,0.0965651328580687,0.322099805573558,0.0,0.06869734283862605,0.0
Grottammare,0.03135779241141424,0.10210097209156475,0.36719974913766074,3.057698338037002,0.1513327061774851,8.027155848228285,0.7474443399184697,0.09049858889934148,0.32536845406083414,2.1942928817811227
Grottazzolina,0.0035398230088495575,0.2359882005899705,0.2224188790560472,17.62212389380531,0.0,10.382005899705014,2.348967551622419,0.08731563421828908,0.012979351032448377,0.0
Gualdo,0.0,0.0,0.0,0.4851116625310174,0.0,3.096774193548387,0.22456575682382135,0.0,0.0,0.0
Gualdo Cattaneo,7.265686274509804,0.006535947712418301,0.053758169934640526,2.79297385620915,0.041666666666666664,1.9312091503267974,0.9895424836601308,0.04297385620915033,0.0024509803921568627,0.6668300653594771
Gualdo Tadino,0.0013904522280341655,0.12891478514202476,0.08488379792094286,2.9921207707078064,0.25491624180626365,6.9653711183208635,0.3380785274448785,0.4046878103688009,0.08739985433357611,0.24471959213401312
Guardea,0.17217108825121819,0.01028695181375203,0.09907958852192746,0.3654574986464537,0.0,1.6264212236058473,0.6908500270709258,0.0,0.0,0.0
Gubbio,0.11026556918776208,0.13349899052647926,0.20537350520267122,17.312346637676658,0.4978412797018171,3.474763161981674,1.7141792203758348,0.06587979499922349,0.2673085882901072,3.718217114458767
Isola del Gran Sasso d'Italia,0.02448290417897847,0.0,0.019839594765723934,10.287463064584212,0.0,0.16926973406500634,1.6595609962009286,0.0,0.0,0.06838328408611229
L'Aquila,0.278297166709552,0.22797838579638047,0.30355662292363556,0.9300969208336907,0.6157474912085085,2.8499871344026073,3.8756182634302543,0.3518169082539955,0.24088686851359464,0.29582296937987823
Labro,0.0,0.0,0.6820512820512821,0.11794871794871795,0.0,0.0,1.7717948717948717,0.0,0.0,0.0
Lapedona,0.0,0.02144082332761578,0.0,1.6329331046312179,0.0,0.0,0.0,0.0,0.0,0.0
Leonessa,0.005439330543933054,0.0,0.303347280334728,0.1305439330543933,0.0016736401673640166,0.2820083682008368,0.6343096234309623,0.06778242677824267,0.0,0.199581589958159
Lisciano Niccone,1.957166392092257,0.004942339373970346,9.624382207578254,1.1367380560131797,0.0,4.057660626029654,0.02800658978583196,0.0,0.0,0.0
Loro Piceno,0.01624323198667222,0.0,0.0,3.5406080799666806,0.006247396917950854,0.7888379841732611,0.6867971678467305,0.0,0.0,0.0
Lucoli,0.0,0.0,0.3101391650099404,0.0,0.0,0.0,0.4840954274353877,0.05864811133200795,0.0,0.0
Lugnano in Teverina,0.0,0.01609657947686117,0.0,1.3420523138832998,0.05902079141515761,1.0871898054996647,0.49631120053655264,0.018108651911468814,0.0,0.0
Macerata,0.03558383409921056,0.3273477082596913,0.16707906209496878,1.7522563921291388,0.3722163308589608,13.733262636974196,1.1658772239896311,0.3249911629551078,0.911841640155532,0.7220454813243785
Magione,0.14647792382878327,0.13191776204920797,0.05042130097741827,4.48783282777216,0.053791708796764405,68.32504213009774,0.6106504887091339,0.19737108190091002,0.052106504887091336,0.22298618132794068
Magliano Sabina,0.14834578441835647,0.02161152614727855,0.43676627534685164,0.31003201707577377,0.0,2.5525613660618998,0.06136606189967983,1.1123265741728923,0.07497331910352188,0.4815901814300961
Magliano de' Marsi,0.04559023066485753,0.004884667571234735,0.11831750339213026,0.22279511533242877,0.11560379918588874,2.9492537313432834,0.19864314789687923,0.0,0.0,0.0
Magliano di Tenna,0.0,0.27831491712707185,0.0,25.424033149171272,0.8977900552486188,11.67403314917127,0.1712707182320442,0.0,0.0,0.0
Maltignano,0.0,0.007089241034195163,0.0,19.093411175979984,0.4316096747289408,20.601334445371144,10.73603002502085,0.0,0.7239366138448707,0.0
Marsciano,0.11139646869983949,0.10230069555912252,0.0207597645799893,11.276083467094702,0.024719101123595506,2.8987158908507222,2.0893525949705727,0.15168539325842698,0.07586944890315676,0.31000535045478866
Martinsicuro,0.7620529759258083,2.787207012640539,0.6585784158038493,3.5965190878485678,0.2554151051260878,4.995299498189672,0.8918249380677127,0.4392428380867687,0.09083402146985962,0.4134535984246967
Massa Fermana,0.0,0.0,0.0,10.094398340248963,0.0,0.9367219917012448,1.3226141078838174,0.0,0.0,1.1493775933609958
Massa Martana,0.4291433146517214,0.12516680010675207,0.1313050440352282,18.064851881505206,0.770483053109154,0.7064318121163597,4.522017614091273,0.0,0.025086736055511077,0.6994929276754737
Massa d'Albe,0.0,0.0,0.0,17.79646017699115,0.0,0.1279782164737917,0.9700476514635806,0.0,0.0,0.0
Massignano,16.91482843137255,0.0,0.0,0.0,0.0,0.0,0.00980392156862745,0.0,0.0055147058823529415,1.133578431372549
Matelica,0.25210084033613445,0.06732693077230892,0.10744297719087635,8.20078031212485,0.0,1.4541816726690677,0.7938175270108043,0.031912765106042414,0.31362545018007204,0.389655862344938
Micigliano,0.0,0.0,0.0,0.0,0.0,0.0,0.0,0.0,0.0,0.0
Mogliano,0.008172043010752689,0.11827956989247312,0.016344086021505378,7.481935483870968,0.09720430107526881,0.8851612903225806,0.21806451612903227,0.0,0.0,0.0
Mompeo,0.055876685934489405,0.0,0.0,0.0,0.0,0.0,0.0,0.0,0.0,0.0
Monsampietro Morico,0.0,0.39969604863221886,0.0,11.53191489361702,0.0,0.0,0.41641337386018235,0.0,0.0,0.0
Monsampolo del Tronto,0.0,11.246120689655172,0.07435344827586207,8.015301724137931,0.6849137931034482,224.77370689655172,4.140301724137931,0.5077586206896552,0.0,0.54375
Montalto delle Marche,1.720491029272899,0.0,0.0,0.0,0.0,2.3456090651558075,1.0524079320113315,0.049102927289896126,0.0,0.0
Montappone,3.336917562724014,0.11589008363201912,0.0,15.084229390681003,0.0,0.1875746714456392,0.6164874551971327,0.0,0.0,0.0
Montasola,0.0,0.0,2.212041884816754,0.0,0.0,0.0,0.0,0.0,0.0,0.0
Monte Castello di Vibio,0.2966047405509289,0.007046764894298526,0.057655349135169766,0.21332479180012812,0.0,0.0,0.13709160794362588,0.0,0.0,0.0
Monte Giberto,0.0,0.0,0.0,15.173859432799013,0.0,0.0,2.3267570900123307,0.0,0.0,0.008631319358816275
Monte Rinaldo,0.0,0.0,0.0,2.3973684210526316,0.0,0.0,0.3526315789473684,0.0,0.0,0.0
Monte San Giovanni in Sabina,0.08977900552486189,0.0,0.12154696132596685,0.0,0.0,0.10220994475138122,0.0,0.0,0.0,0.511049723756906
Monte San Giusto,0.0004937662017034934,0.05801752870016048,0.14269843229230958,11.447105295642514,0.2824342673743982,3.5367238612516974,0.5182076286878163,0.2658930996173312,0.016047401555363536,0.0
Monte San Martino,0.0,0.0,0.0,6.532110091743119,0.0,0.0,0.45740498034076016,0.0,0.0,1.8427260812581914
Monte San Pietrangeli,0.0,0.0,0.0,60.61176470588235,0.0,2.903042596348884,0.04584178498985801,0.0,0.0,0.04300202839756592
Monte Santa Maria Tiberina,0.0,0.0,0.0899067005937235,0.0,0.0,2.616624257845632,0.0,0.0,0.0,0.27989821882951654
Monte Urano,0.0,0.5588836761698545,0.16552387826296164,13.185131721400216,0.3013352580295922,7.6628172741489236,1.7162275953326116,0.06568025983399495,0.0,0.39961506074822567
Monte Vidon Combatte,0.0,0.0,0.0,0.8209302325581396,0.0,6.388372093023256,0.0,0.0,0.0,0.0
Monte Vidon Corrado,0.0,0.0,0.0,7.536885245901639,0.0,0.4562841530054645,2.8360655737704916,0.0,0.0,0.0
Montebuono,0.0,0.0,0.0,0.0,0.0,0.0,1.664,0.0,0.0,0.0
Montecassiano,0.003922117943689593,0.12971004342344866,0.06289396273987953,15.14175654853621,0.14525843955736098,15.768454965681467,0.7653733015828548,0.0025213615352290236,0.10673763832469534,0.8702899565765513
Montecastrilli,0.7424486508256142,0.021546516310914216,0.07088199758356827,2.675594039468385,0.10934353604510673,3.4714055577929925,0.48389045509464357,0.5155054369714056,0.0666532420459122,0.0
Montecchio,6.521143537820131,0.0,0.07266229898749256,0.0,0.6372840976771889,0.2388326384752829,1.6110780226325194,0.0,0.0,0.0
Montecosaro,0.005648121999435188,0.23058458062694154,0.03798362044620164,9.373058458062694,0.12807116633719287,11.397062976560294,1.005789325049421,0.0,0.131460039536854,2.4493081050550694
Montedinove,0.39959016393442626,0.020491803278688523,0.0,0.0,0.0,0.48155737704918034,0.0,0.0,0.0,0.0
Montefalco,1.1779075942644717,0.02177376526818906,0.07930607187112763,1.2248185519560983,0.02336696760488582,0.340237210125686,1.1001947247300408,0.0,0.0,0.0
Montefalcone Appennino,0.0,0.0,0.0,0.6276346604215457,0.0,1.5222482435597189,0.477751756440281,0.0,0.0,0.0
Montefano,1.1130360692984949,0.02073274637886964,0.0,13.562340244248793,0.0,0.8977563192274922,1.3240556660039762,0.0,0.0,0.0
Montefino,0.0,0.0,0.019230769230769232,7.459615384615384,0.0,0.09326923076923077,7.951923076923077,0.0,0.0,0.0
Montefiore dell'Aso,0.18508026440037773,0.34702549575070823,0.028800755429650614,86.15439093484419,0.002360717658168083,0.45561850802644005,0.06751652502360718,21.267233238904627,0.0,1.195939565627951
Montefortino,0.0,0.0,0.0,1.1013513513513513,0.0,0.0,2.072635135135135,0.0,0.0,0.0
Montefranco,0.09723320158102766,0.0007905138339920949,0.1233201581027668,1.1960474308300395,0.0,0.08695652173913043,0.0,0.0,0.0,0.0
Montegabbione,0.0992616899097621,0.0,0.0,0.0,0.0,0.9819524200164069,0.0,0.0,0.0,0.0
Montegallo,0.0,0.0,0.3365570599613153,0.0,0.0,0.09864603481624758,0.26499032882011603,0.0,0.0,0.0
Montegiorgio,0.6285922684172137,0.09919766593727207,0.0,13.128081692195478,0.337126185266229,16.499489423778265,0.31932895696571845,0.26768781911013856,0.0,0.1423778264040846
Montegranaro,0.0,0.2362722351121423,0.0,23.856844547563806,0.10703789636504253,6.602784222737819,0.32412993039443155,0.02583139984532096,0.22529002320185615,0.34818252126836813
Monteleone Sabino,0.0,0.0,0.0,0.11283728536385937,0.0,0.16598528209321342,0.0,0.0,0.0,0.0
Monteleone d'Orvieto,0.23923444976076555,0.0,0.0,0.032809295967190705,0.0,0.11004784688995216,0.06288448393711552,0.0,0.0,0.0
Monteleone di Fermo,0.0,0.0,0.0,0.0,0.0,0.0,0.0,0.0,0.0,0.0
Monteleone di Spoleto,0.0,0.0,0.0,0.0,0.0,0.018487394957983194,1.2016806722689075,0.0,0.0,0.0
Montelparo,0.1245186136071887,0.0,0.32605905006418484,0.0,0.0,0.0,0.0,0.0,0.0,0.0
Montelupone,0.007814680435389338,0.19006419201786212,0.0,35.47195087915155,0.0022327658386826683,0.9885570750767513,0.7312308121685738,0.07033212391850405,0.0,0.0
Montemonaco,0.5957792207792207,0.0,0.3327922077922078,0.0,0.0,0.0,0.3555194805194805,0.0,0.0,0.0
Montenero Sabino,0.26,0.0,0.0,0.0,0.0,0.0,0.0,0.0,0.0,0.0
Monteprandone,0.1695583596214511,0.3550473186119874,0.07350157728706624,9.658675078864354,0.3030757097791798,4.12705047318612,1.2570977917981072,0.3453470031545741,0.4129337539432177,1.9043375394321767
Montereale,0.0,0.002317497103128621,0.006179992275009656,0.6334492081884897,0.30281962147547314,0.043646195442255696,0.3429895712630359,0.0,0.028968713789107765,0.0
Monterubbiano,0.0,0.13223508459483527,0.1611754229741763,2.678539626001781,0.0,0.12243989314336598,2.4443455031166517,0.0,0.0,0.2315227070347284
Montone,0.026378896882494004,0.0,0.14688249400479617,41.99760191846523,0.0,1.5197841726618706,0.0,0.0,0.0,0.0
Montopoli di Sabina,0.08455016486104569,0.00659444182760245,0.35138954309938764,0.23480923221855865,0.02143193593970796,0.7870937352802638,0.04050871408384362,0.05581723975506359,0.18040508714083844,0.038624587847385775
Montorio al Vomano,0.02959084266926449,0.012055528494885533,0.023136872868972237,8.180102289332684,0.240014612761812,3.3028494885533366,12.20798830979055,0.019970774476376036,0.3610569897710667,1.3878470530930347
Montottone,0.0,0.0,0.0,0.5329949238578681,0.0,0.8436548223350254,0.0,0.0,0.0,0.0
Moresco,6.159395973154362,4.040268456375839,0.3338926174496644,1.7885906040268456,0.0,0.3070469798657718,0.01174496644295302,0.0,0.0,0.0
Morro Reatino,0.0,0.4441489361702128,0.0,0.0,0.0,0.18882978723404256,0.0,0.0,0.0,0.0
Morro d'Oro,1.0572363041700736,0.0,0.08340147179067865,21.74707004633415,0.0,1.6969201417279913,0.29790133551376397,0.0,0.050149904606159715,0.22785500136276915
Morrovalle,0.028354829181845034,0.11637294476715565,0.0,17.465984050408586,0.014078960322929998,2.863640838830363,0.25027074923697945,0.08467067047356502,0.060352466279413215,0.12247710938269174
Mosciano Sant'Angelo,13.332684824902724,1.3650021616947687,0.4765456117596195,46.92153047989624,0.06895806312148725,14.334954604409857,2.0749027237354087,1.243623000432339,0.24221789883268482,0.14472546476437528
Muccia,0.0,1.1934782608695653,0.2902173913043478,0.9097826086956522,0.3467391304347826,2.2369565217391303,7.784782608695652,0.04565217391304348,0.0,0.0
Narni,0.0590881210386424,0.06798200776937231,0.32038437947250054,10.725465140053158,0.17491310570435495,1.2102841954610508,1.5711510938458393,0.734819055407892,0.04150480474340626,2.195563279492946
Navelli,0.08869565217391304,0.0,0.0,0.0,0.01217391304347826,1.0695652173913044,1.9443478260869564,0.3234782608695652,0.0,0.0
Nereto,0.0,0.0,0.0065535851966075555,4.9236700077101005,0.023515805705474173,3.0132999228989976,0.7787201233616037,0.0013492675404780262,0.20990747879722435,1.2447956823438704
Nocera Umbra,0.004137217721082572,0.009825892087571108,0.009481123944147562,6.130149974142389,0.0,1.2065161179107051,0.6716083433890708,0.0,0.02482330632649543,0.0
Norcia,0.26585858585858585,0.04404040404040404,1.0824242424242425,6.512727272727273,0.0034343434343434343,2.2084848484848485,0.9331313131313131,0.025656565656565655,0.09878787878787879,0.177979797979798
Notaresco,0.0019253554502369668,0.06264810426540285,0.046652843601895734,11.769105450236967,0.0231042654028436,0.7531101895734598,1.9743779620853081,0.0,0.042950236966824644,0.2597748815165877
Ocre,0.0,0.028109028960817718,0.0,1.06984667802385,0.0,0.015332197614991482,0.8262350936967632,0.0,0.0,0.0
Ofena,2.118712273641851,0.0,0.0,0.0,0.0,0.6519114688128773,0.0,0.0,0.0,0.0
Offida,0.8086835844567803,0.10943695479777954,0.37351308485329104,19.97938144329897,0.28707375099127674,1.3128469468675654,5.099920697858842,0.05689928628072958,0.12153053132434576,0.9125693893735131
Ortezzano,2.070876288659794,0.0,0.0,34.03737113402062,0.0,17.036082474226806,0.002577319587628866,0.0,0.0,0.0
Orvieto,5.166033562533058,0.10650574602106073,0.7084194835793625,1.7285666201856036,0.16483146607683802,4.986248016540848,1.6777900658748859,0.29682165696975527,1.277780449103236,0.27941530028369477
Orvinio,0.0,0.0,0.0681265206812652,0.0,0.0,0.6763990267639902,0.0,0.0,0.0,0.0
Otricoli,0.0,0.056975505857294995,0.0,0.9371671991480298,0.0,0.0,0.0,0.045260915867944625,0.06389776357827476,0.0
Ovindoli,0.0,0.08720456397718011,1.5118174409127954,0.09942950285248574,0.20863895680521596,0.0,0.08964955175224124,0.2591687041564792,0.0,1.8728606356968216
Paciano,0.9072375127420998,0.0,0.10397553516819572,0.017329255861365953,1.4230377166156982,0.0,0.04485219164118247,0.0,0.0,0.0
Panicale,0.12581728220533664,0.1798904400070684,1.4347057784060788,3.0028273546563,0.20798727690404664,1.0507156741473758,5.000530128998056,0.1827177946633681,0.2650644990280968,0.2489839194203923
Parrano,0.0,0.0,0.0,2.469811320754717,0.0,0.0,0.07924528301886792,0.0,0.0,0.0
Passignano sul Trasimeno,0.01433374623960361,0.011325429127588037,0.07255353034861087,9.375508759511591,0.14687665899840735,0.16988143691382057,0.09520438860378694,0.026013095027428774,0.0,1.1569633693151655
Pedaso,0.0,0.0,0.0,5.62603678326722,0.0,5.012982329606924,0.20735665344392354,0.7641543454742157,0.0,0.0
Penna San Giovanni,0.0300820419325433,0.0,0.0,4.206927985414768,0.0,0.0,0.0,0.0,0.08933454876937101,0.0
Penna Sant'Andrea,0.0,0.0,0.0748340374170187,4.64031382015691,0.0,0.3566686783343392,6.202776101388051,0.30657815328907667,0.0,0.0
Penna in Teverina,0.1592356687898089,0.0,0.0,0.007279344858962694,0.0,1.454049135577798,0.22383985441310283,0.0,0.0,1.415832575068244
Perugia,0.12305552349771917,0.46033298305928944,0.3363602679900142,6.574228739074183,1.0184531655257452,37.48706516919451,2.597893496443605,0.9643449369203015,0.5062836733826147,0.8399348854725359
Pescorocchiano,0.07146329606222654,0.0,0.0,0.14487117160913954,0.0,0.0,0.2980068060281964,0.0,0.0,0.0
Petrella Salto,0.23037542662116042,0.0,0.0,0.0,0.0,0.0,0.26023890784982934,0.0,0.0,0.0
Petriolo,0.0,0.027721774193548387,0.0,9.490423387096774,0.0,0.1693548387096774,1.309475806451613,0.0,0.0,0.0
Petritoli,0.0,0.009413778348309799,0.0,2.92255027813436,0.0,3.131792896876337,0.39880188275566963,0.0740265297389816,0.02738553701326487,0.0
Piegaro,0.06597031335898845,0.0,0.0,30.12781748213304,0.005497526113249038,0.031335898845519516,0.21247938427707533,0.3916987355689939,0.02748763056624519,0.0
Pietracamela,0.0,0.966789667896679,3.4317343173431736,1.996309963099631,0.21033210332103322,0.0,0.0036900369003690036,0.0,0.0,0.0
Pietralunga,0.0,0.05741626794258373,0.0923444976076555,10.855502392344498,0.0,0.10861244019138756,0.0,0.0,0.0,0.0
Pieve Torina,0.16290212183436004,0.6960985626283368,0.0,8.394934976043805,0.4784394250513347,0.0,5.591375770020534,0.0,0.0,0.0
Pineto,0.01044526280549046,0.32735185805155675,0.40133913625711415,9.113424840977569,0.0747238031469702,7.125142283227318,1.2283896886508203,0.21935051891529964,0.12072313357884165,1.1461667224640106
Pioraco,0.0,0.0,0.0,5.6946902654867255,0.0920353982300885,0.0,0.0,0.0,0.0,3.270796460176991
Pizzoli,0.0,0.07226329596947294,0.052468399713808726,0.575482947770093,0.0,2.3346052945385165,2.8099212974004293,0.0,0.0,0.0
Poggio Bustone,0.008204633204633204,0.0,0.0,0.11969111969111969,0.0,0.0,0.3359073359073359,0.0,0.0,0.0
Poggio Catino,0.020879940343027592,0.0,0.0,5.02386278896346,0.0,0.0,0.0,0.0,0.0,0.0
Poggio Mirteto,0.1577842377260982,0.03924418604651163,0.03359173126614987,1.0230943152454781,0.0,0.8559431524547804,0.2703488372093023,0.05264857881136951,0.0008074935400516795,0.060562015503875966
Poggio Moiano,0.0,0.07081850533807829,0.3309608540925267,0.07081850533807829,0.01494661921708185,0.3604982206405694,0.5188612099644128,0.015302491103202847,0.022775800711743774,0.0
Poggio Nativo,0.008422664624808576,0.04709035222052067,0.11715160796324656,0.026416539050535988,0.31355283307810106,0.5968606431852986,0.042879019908116385,0.0,0.0,0.0
Poggio Picenze,0.0,0.0,0.0,7.098930481283422,0.0,0.0,0.7388591800356507,0.0,0.0,0.0
Poggio San Vicino,0.0,0.0,0.0,3.5019762845849804,0.0,0.0,0.0,0.0,0.0,0.0
Poggiodomo,0.0,0.0,0.0,0.0,0.0,0.7899159663865546,0.0,0.0,0.0,0.0
Polino,0.0,0.0,0.0,0.0,0.0,0.0,0.0,0.0,0.0,0.0
Pollenza,0.0069172932330827065,0.09518796992481203,0.14360902255639096,7.597443609022556,0.1281203007518797,3.3989473684210525,2.2993984962406016,0.0,0.4374436090225564,0.2463157894736842
Ponzano di Fermo,0.0,0.017921146953405017,0.0,18.606929510155318,0.0,0.6762246117084827,2.088410991636798,0.0,0.0,0.0
Porano,0.0,0.028354430379746835,0.0,0.026329113924050632,0.0,0.0,0.13721518987341771,0.17012658227848101,0.0,0.0
Porto Recanati,0.0,0.1324508756063471,0.801200361752857,8.362657239167968,0.7967606675984543,3.8543944750472745,0.3439118638493793,0.021458521746279702,0.07646139932582421,0.0
Porto San Giorgio,0.017876051074431642,0.49081283089380257,0.6848333852382436,1.8668950482715665,0.7231392089691685,5.546247274992214,1.0108377452507007,0.13628153223294923,0.6675801930862659,0.49305512301463716
Porto Sant'Elpidio,0.0005448742897174437,0.13758075815365456,0.53623414026621,8.43757297423523,0.1566513582937651,3.209037129290885,0.25433953452167823,0.07254611971666537,0.0940686541605044,0.4551646298746789
Potenza Picena,0.3432544676566826,0.16196828593002768,0.18525044047319406,6.0204505411527816,0.08457085325950163,1.7795117040020136,0.9971683866096149,0.06588220488295998,0.17335766423357665,0.2763654669015857
Prata d'Ansidonia,0.0,0.0,0.0,0.0,0.0,0.0,0.8207739307535642,0.07128309572301425,0.0,0.0
Preci,3.4559440559440557,0.02937062937062937,0.0,0.8979020979020979,0.0,1.7034965034965035,9.917482517482517,0.0,0.0,0.05034965034965035
Rapagnano,0.0023331777881474567,0.02006532897806813,0.27718152123191786,13.391507232851144,0.0,0.10405972935137657,4.014932337844144,0.0,0.0,0.0
Recanati,0.03181861035165457,0.9658715942302253,0.2238616008296408,25.84595078721599,0.2653907796738003,3.718770623173376,1.5568963891769587,0.04558310549637032,0.05317243329876497,0.7574714810973885
Rieti,0.07654086055608415,0.15995348345491067,0.2236177185749022,1.6047150861613277,0.1144941325721535,2.245649645839941,0.8066391796172957,0.4286922507664658,0.08328575959403743,0.04173802727561053
Ripatransone,2.205340699815838,0.11671270718232044,0.011279926335174955,18.956031307550646,0.1712707182320442,1.9242633517495396,4.289364640883978,0.0,0.0,0.46915285451197053
Ripe San Ginesio,0.2786885245901639,0.15105386416861827,0.5995316159250585,0.49882903981264637,0.0,0.8594847775175644,4.772833723653396,0.0,0.0,0.0
Rivodutri,0.0,0.0,0.0,0.0,0.0,0.2912,0.0,0.0008,0.0,0.0
Rocca Santa Maria,0.800376647834275,0.0,0.6346516007532956,0.0,0.0,0.0,0.4651600753295669,0.0,0.0,0.0
Rocca Sinibalda,0.0,0.0,0.0,0.0,0.0,0.0,0.06467661691542288,0.07960199004975124,0.0,0.0
Rocca di Cambio,0.0,0.0,0.46124031007751937,0.0,0.0,0.0,2.631782945736434,0.0,0.0,3.86046511627907
Rocca di Mezzo,0.0,0.032679738562091505,0.5588235294117647,0.29150326797385623,0.0,0.027450980392156862,0.9986928104575163,0.050980392156862744,0.0,0.0
Roccacasale,0.0,0.0,0.4821958456973294,0.16172106824925817,0.0,1.9080118694362018,0.0,0.0,0.526706231454006,0.0
Roccafluvione,0.0,0.0,0.12803970223325062,0.08436724565756824,0.0,2.0719602977667493,0.0,0.0,0.0,0.0
Roccantica,0.0018248175182481751,0.0,0.0,0.0,0.0,0.0,0.0,0.0,0.0,0.0
Roseto degli Abruzzi,4.233491124260355,0.4082051282051282,0.23045364891518738,11.004457593688363,0.2845759368836292,2.9063116370808677,0.9612623274161736,0.31420118343195264,0.03558185404339251,0.42927021696252465
Rotella,7.378555798687089,0.0,0.0,3.812910284463895,0.0,0.0,0.5776805251641138,0.0,0.0,0.0
Salisano,0.0,0.0,0.0,0.0,0.0,0.0,0.0,0.0,0.0,0.0
San Benedetto del Tronto,1.082429409530241,0.45502891149284597,0.9167475625712236,5.464884142995822,0.5743890600599333,8.22088802599924,1.4975309163043937,0.9125058034018486,0.4967923015236568,0.7627991389861984
San Demetrio ne' Vestini,0.0,0.0,0.002191780821917808,3.3134246575342465,0.04821917808219178,1.4975342465753425,1.2942465753424657,0.0,0.0,0.0
San Gemini,0.0,0.006006006006006006,0.06706706706706707,1.348148148148148,0.05105105105105105,1.8394394394394395,5.155355355355355,0.0,0.0,2.4244244244244246
San Ginesio,0.2118547929665343,0.4276800907543959,0.0,4.1795235394214405,1.7620533182076006,1.6766874645490641,1.922575155984118,0.0008508224617129892,0.08820192853091322,0.7566647759500851
San Giustino,0.2323647742512293,0.12472060795708538,0.10567724631202503,19.063835493965133,0.03817612874385338,3.5419758605274922,1.335091640590076,0.06839517210549843,0.06338846669646848,0.041215914170764416
San Pio delle Camere,0.0,0.0,0.24018126888217523,0.0,0.0,7.889728096676738,0.0,0.0,0.0,0.0
San Severino Marche,0.06853729466320836,0.46341271712646387,0.12387015640965181,13.228090859074118,0.03002436532264403,3.321150672011318,0.5663758547512379,0.088265346223375,0.04755167806334984,0.7086378998663837
San Venanzo,1.0655515370705244,0.0,0.08318264014466546,3.3892405063291138,0.0,0.0,0.1595840867992767,0.0,0.0,0.3331826401446655
Sant'Anatolia di Narco,0.0,0.010471204188481676,0.0,62.5043630017452,0.0,0.0,13.818499127399651,0.0,0.0,0.0
Sant'Angelo in Pontano,0.0,0.0,0.0,7.899025069637883,0.21587743732590528,15.018802228412257,0.07520891364902507,0.0,0.0,0.0
Sant'Egidio alla Vibrata,0.002325581395348837,0.1134479271991911,0.08351870576339737,17.378260869565217,0.04115267947421638,4.101213346814965,0.5571284125379171,0.07168857431749241,0.15540950455005056,0.01698685540950455
Sant'Elpidio a Mare,0.0006413246268656716,0.640799906716418,0.025944496268656716,33.0810984141791,4.036263992537314,5.143598414179104,0.3439249067164179,0.7301772388059702,0.0324160447761194,0.13794309701492538
Sant'Eusanio Forconese,0.0,0.0,0.0,0.0,0.0,0.24873096446700507,0.29441624365482233,0.49238578680203043,0.0,0.0
Sant'Omero,0.010223765432098766,0.046875,0.29108796296296297,13.662422839506172,0.1541280864197531,12.029706790123457,1.654706790123457,0.00636574074074074,0.09375,0.13078703703703703
Santa Vittoria in Matenano,0.0,0.0,0.0,4.079222720478326,0.0,1.5089686098654709,0.25186846038863975,0.0,0.0,0.0
Sante Marie,0.011986301369863013,0.0,0.0,0.2808219178082192,0.0,0.0,0.021404109589041095,0.0,0.0,1.0179794520547945
Sarnano,0.0018552875695732839,0.08286951144094001,0.046072974644403214,5.977736549165121,1.4761904761904763,4.153679653679654,0.2857142857142857,0.0,0.0,0.055658627087198514
Scandriglia,0.14998359041680343,0.0,0.0,0.07285854939284542,0.0,0.0,0.0,0.0,0.0,0.0
Scheggia e Pascelupo,0.02159827213822894,0.0,0.0,4.1317494600431965,0.0,0.0,0.10583153347732181,0.0014398848092152627,0.0,0.0
Scheggino,0.0,0.5913978494623656,0.610752688172043,4.034408602150537,0.0,0.0,0.0,0.0,0.0,0.0
Scoppito,0.0,0.14746172441579372,0.128928283642224,0.45259199570239056,0.6137523502551706,1.229922105828633,1.575611066344346,0.0,0.0,1.8912167606768735
Sefro,0.0,0.0,0.0,0.9349397590361446,0.0,0.0,0.0,0.0,0.0,0.0
Selci,0.0,0.0,0.16025641025641027,0.0,0.0,0.0,0.3031135531135531,0.0,0.0,0.0
Sellano,0.005555555555555556,0.0,0.0,4.618518518518519,0.0,0.0,0.39351851851851855,0.09259259259259259,0.0,0.0
Serrapetrona,0.0,0.0,0.0,1.0778008298755186,0.0,11.491701244813278,0.0,0.0,0.0,0.0
Serravalle di Chienti,0.3528319405756732,0.0,0.0,0.0,0.0,0.0,0.0,0.0,0.0,0.0
Servigliano,0.0,0.03371745625266752,0.012804097311139564,4.068288518992745,0.0,5.370892018779343,2.5958173282116945,0.0,0.15620998719590268,0.0
Sigillo,0.0,0.0,0.02367109634551495,14.906976744186046,0.0,0.0,0.6619601328903655,0.049003322259136214,0.0,0.12416943521594684
Silvi,0.017845638448653525,0.2111197010694498,0.2906841901816776,6.145857492591161,0.008632908130395568,1.5646179616028861,1.0928359747455225,1.565777605978611,0.32083494395052187,0.060688055662930035
Smerillo,0.0,0.0,0.0,0.0,0.07162534435261708,0.0,0.0,0.0,0.01652892561983471,0.0
Spello,0.3688904331711837,0.09369932823720176,0.13180449386147788,12.100996062080148,0.09949038684271484,3.7520268705119295,0.4022469307389391,0.2624507760018531,0.2804030576789437,0.06393328700486449
Spinetoli,0.04394233434987524,0.3412808428056557,0.12073745494871084,7.4405322983088436,0.6515109509287497,33.42736345993901,0.4480177432769615,0.03229830884391461,0.010535070695869144,2.4823953423897978
Spoleto,0.0655858511422255,0.054505737446046955,0.3412727655542689,13.191467522897147,0.22386567007053373,6.219838930413728,0.6082482366564902,0.5398199810506369,0.1497262869775766,0.8093483524581535
Stimigliano,0.0,0.1649440137812231,0.0,0.0,0.0,1.4780361757105944,0.25021533161068044,0.06287683031869079,0.0,0.05426356589147287
Stroncone,0.021342089062179357,0.022573363431151242,0.026267186538066898,2.1887954032423558,0.11512415349887133,0.5641288733839523,0.6911553457828853,0.0,0.0,0.0
Tarano,0.19773210489014884,0.0,0.11268603827072998,0.0,0.0,1.5414599574769667,0.03260099220411056,0.0,0.0,0.11906449326718639
Teramo,0.007317206356140447,0.1608511257940625,0.22013505888348897,4.8844172627823585,0.2652942354247438,6.088152314385045,1.8767178143031362,0.22124538124101276,0.6542893026811555,0.3490052603796938
Terni,0.11612386064776453,0.23707533234859676,0.4346020823576035,25.786378210901756,0.6252927189537775,5.445617321756674,1.561993371041539,0.8918741218431386,0.35312713910004684,1.1970854198940808
Todi,0.9292116334369855,0.13358941527955612,0.31870007926345956,3.5007621486494727,0.46917870861532834,9.556063654655205,1.0549356746539844,0.22687640997500153,0.6425217974513749,0.3346137430644473
Toffia,0.0,0.021415270018621976,0.0,0.0,0.0,0.0,0.023277467411545624,0.0,0.0,0.5148975791433892
Tolentino,0.17602526822420536,0.14248470871352653,0.18214178281359672,7.6799358267321765,0.21462949964905245,7.238343527524315,2.077007921387747,0.0330893412212975,0.08212172866740199,0.6333099368294395
Torano Nuovo,0.0,0.44106699751861045,0.22642679900744417,3.698511166253102,0.0,0.22952853598014888,1.9181141439205955,0.0,0.0,0.0
Torgiano,1.3046427494724149,0.11365691890262285,0.6220982815797407,14.523967440458245,0.24886946035574314,14.981308411214954,0.6783237865541152,0.40503466988242387,0.6682242990654206,0.6662646970153754
Tornimparte,0.0,0.0,0.0,0.27899586908166507,0.0,0.0,0.7397521448999047,0.1379091197966317,0.0,0.0
Torre San Patrizio,0.0,0.16447047340165935,0.0,4.602244997559786,0.06881405563689605,0.49829184968277207,0.35529526598340655,0.0019521717911176184,0.0,0.4548560273304051
Torri in Sabina,0.0,0.0,0.13230519480519481,0.45454545454545453,0.0,0.07142857142857142,0.6737012987012987,0.0,0.23133116883116883,0.05194805194805195
Torricella Sicura,0.00603090840557859,0.0,0.0,2.258575197889182,0.06294760648322653,0.16245759517527328,2.025631360723709,0.0,0.0,0.0
Torricella in Sabina,0.0,0.0,0.10514541387024609,0.0,0.0,0.5100671140939598,0.0,0.0,0.0,0.43922445935868754
Tortoreto,0.054732945531464836,0.8049532875022034,1.1901110523532523,11.695663670015865,0.054556671954873966,4.980257359421823,0.9388330689229685,0.190463599506434,0.404459721487749,0.3640049356601445
Tossicia,0.0,0.0,0.0,0.0,0.0,0.06125356125356125,0.8803418803418803,0.02492877492877493,0.0,0.1752136752136752
Treia,0.0878594249201278,0.6342917997870074,0.08956336528221512,26.481576144834932,0.0003194888178913738,6.048775292864749,1.6003194888178913,0.08743343982960597,0.8166134185303514,1.0561235356762513
Trevi,0.5535099180425229,0.07423684523102506,0.12614324741655777,22.44268915548165,0.16427129112721225,4.470958546145623,0.7312032307875045,0.15607554341370708,0.09145979332462288,0.7322722413588312
Tuoro sul Trasimeno,0.007657776604172168,0.01637179825719567,1.0052812252442567,0.16952733034063902,0.0,0.654607869025614,0.09664642196989702,0.12780565091101134,0.0,0.0
Umbertide,0.054420123352279595,0.12371508042084896,0.035433546982706496,47.77306808562099,0.168883782803241,2.0415406941589067,1.525154190349498,0.8722941105333172,0.10738904341516507,0.30191075099770226
Urbisaglia,0.016036655211912942,0.024818633066055747,0.0,12.110729285987018,0.042000763650248185,3.8789614356624664,0.473463153875525,0.0672012218403971,0.0,0.2268041237113402
Ussita,0.0,0.0,0.0,3.821029082774049,0.0,0.0,0.0,0.0,0.0,0.0
Vacone,0.0,0.0,0.0,0.0,0.0,0.0,6.24901185770751,0.0,0.17391304347826086,0.0
Valfabbrica,0.17536534446764093,0.08052490307187593,0.0,5.16254100805249,0.0,4.448255293766776,0.6176558305994632,0.0,0.029525797793021176,0.2180137190575604
Valle Castellana,0.39026915113871635,0.0,0.0,1.6221532091097308,0.0,0.0,0.0,0.0,0.002070393374741201,0.0
Vallo di Nera,0.0,0.0,3.1114130434782608,0.0,0.0,0.0,0.9320652173913043,0.0,0.0,0.0
Valtopina,0.1373546511627907,0.0,0.3444767441860465,2.375,0.0,0.0,1.2630813953488371,0.0,0.0,0.0
Venarotta,0.02356902356902357,0.0,0.020202020202020204,0.822029822029822,0.0,0.0,1.1245791245791246,0.0,0.0,0.0
Villa Sant'Angelo,0.0,0.0,0.0,0.0,0.0,0.0,0.24772727272727274,0.0,0.0,0.0
Visso,0.008122743682310469,0.20487364620938628,0.0,29.204873646209386,0.5252707581227437,0.0,5.90072202166065,0.0,0.0,0.0
