Comune,media_prima,Comune,media_dopo,var
Cerreto d'Esi,9642.998923739236,Cerreto d'Esi,11285.186840120665,17.029846517338843
Fabriano,125086.9565908159,Fabriano,146338.9701168929,16.989791825854805
Acquasanta Terme,14538.30724682247,Acquasanta Terme,14546.038367269986,0.053177583306385105
Appignano del Tronto,9019.162976629768,Appignano del Tronto,9288.506938159879,2.9863520842014695
Arquata del Tronto,5572.106280750308,Arquata del Tronto,2894.8078242835595,-48.048230266459285
Ascoli Piceno,166681.74888530135,Ascoli Piceno,194034.59543740575,16.410222915843477
Castel di Lama,7722.423957052071,Castel di Lama,10728.718438914028,38.92941514971638
Castignano,11098.80149395244,Castignano,10930.2471719457,-1.5186713817575879
Castorano,6185.895026137762,Castorano,7907.164630467572,27.825716360474768
Colli del Tronto,7666.906570315704,Colli del Tronto,8958.507070135747,16.846435886160258
Comunanza,15650.069880073801,Comunanza,14545.021832579185,-7.0609783596020925
Cossignano,3197.4486469864705,Cossignano,2999.611500754148,-6.187343975603173
Folignano,12919.594826260764,Folignano,16625.497077677228,28.684353505295185
Force,8686.770167076671,Force,8085.3130467571655,-6.923829095871105
Maltignano,7351.651304325543,Maltignano,8490.047096530921,15.484899175448824
Montalto delle Marche,6173.050699569496,Montalto delle Marche,6044.39769984917,-2.0841072912182343
Montedinove,2559.4058912464125,Montedinove,2469.6462481146305,-3.5070499540059163
Montegallo,4639.244080565805,Montegallo,4175.552149321267,-9.994988907502918
Montemonaco,6922.82336510865,Montemonaco,7799.382447209654,12.66187270527372
Offida,21500.384891348916,Offida,24893.590592006036,15.78206956668222
Palmiano,2153.1856037310376,Palmiano,1939.5599924585222,-9.921374678631755
Roccafluvione,8122.489557708078,Roccafluvione,7847.78463423831,-3.382028644272968
Rotella,5150.085447416975,Rotella,7240.991817496229,40.59945007568657
Venarotta,9246.252921279212,Venarotta,9431.992835595778,2.008812822858287
Montereale,5792.180158364084,Montereale,6215.133540723982,7.302144802059394
Campotosto,1404.4492235547355,Campotosto,1025.1676470588236,-27.005716556696157
Capitignano,1181.9919921074213,Capitignano,1424.1640837104073,20.488471429591296
Amandola,22020.476706642068,Amandola,23284.13759426848,5.738571895881123
Belmonte Piceno,4384.066715354654,Belmonte Piceno,4250.075904977376,-3.0563132150336907
Falerone,16174.599067240672,Falerone,16441.14132730015,1.6479064423879326
Massa Fermana,3063.719185629356,Massa Fermana,3625.1566553544494,18.325356721939954
Monsampietro Morico,2946.3839560270603,Monsampietro Morico,2719.5293174962294,-7.699425530293902
Montappone,3437.290731344813,Montappone,4555.233503016591,32.52395153768072
Montefalcone Appennino,4113.5886761992615,Montefalcone Appennino,3629.821964555053,-11.760211088756286
Montefortino,9281.60401291513,Montefortino,8994.69653092006,-3.0911411604701553
Montegiorgio,29805.624910311606,Montegiorgio,30405.026338612373,2.0110345953303512
Monteleone di Fermo,2093.4334127716274,Monteleone di Fermo,1977.8647624434388,-5.520531468692861
Montelparo,3758.994003690037,Montelparo,3458.3360294117647,-7.998362699784299
Monte Rinaldo,1495.440523780238,Monte Rinaldo,1407.8501885369533,-5.857159402225515
Monte Vidon Corrado,2615.9698903239027,Monte Vidon Corrado,2587.696964555053,-1.0807817732699156
Ortezzano,2987.270192701927,Ortezzano,2646.722963800905,-11.399947340987055
Santa Vittoria in Matenano,6516.875730319804,Santa Vittoria in Matenano,6018.354562594269,-7.649695779929668
Servigliano,9394.560142476425,Servigliano,8425.22745098039,-10.318021033398978
Smerillo,1943.8790744157438,Smerillo,1622.2162895927602,-16.547468875843695
Acquacanina,1955.7989826773266,Acquacanina,1573.9645550527903,-19.523193897045427
Apiro,11786.198288232883,Apiro,11816.026753393666,0.2530796142345829
Belforte del Chienti,8578.944841635916,Belforte del Chienti,10444.543288084466,21.746245964821938
Bolognola,2500.1870899959,Bolognola,2144.2229449472097,-14.23750032439668
Caldarola,9494.007841328414,Caldarola,10832.6834653092,14.100216118986019
Camerino,42461.030647806474,Camerino,37919.00248868778,-10.696933375905546
Camporotondo di Fiastrone,1903.3330386428865,Camporotondo di Fiastrone,2207.4444004524885,15.977832341230163
Castelraimondo,19155.436987494875,Castelraimondo,24602.145060331826,28.434266868423265
Castelsantangelo sul Nera,4714.000563755638,Castelsantangelo sul Nera,1928.6405542986424,-59.08696810247947
Cessapalombo,4675.714842148422,Cessapalombo,4594.459294871795,-1.7378208470748269
Cingoli,47768.47003126281,Cingoli,50487.1141214178,5.691294044744845
Colmurano,2659.2262197621976,Colmurano,3149.243438914027,18.427060304619346
Corridonia,57188.6110598606,Corridonia,72387.03567119155,26.57596386704062
Esanatoglia,8532.260916359164,Esanatoglia,10554.314932126697,23.69892383261027
Fiastra,7454.685462792129,Fiastra,6554.077507541478,-12.08109932666873
Fiordimonte,1829.5008456334563,Fiordimonte,1190.8352187028659,-34.90928295851404
Fiuminata,7154.437871566215,Fiuminata,8007.756504524887,11.927123392181574
Gagliole,6048.719147191471,Gagliole,6799.228242835596,12.407735875662194
Gualdo,5057.9784875973755,Gualdo,5461.549905731523,7.978907366327105
Loro Piceno,9940.652675276753,Loro Piceno,11040.060897435897,11.059718693255071
Macerata,157114.2627101271,Macerata,189296.12929864254,20.48309684518609
Matelica,35797.15838970889,Matelica,47419.66932503771,32.467691454163294
Mogliano,14944.725361316114,Mogliano,15793.433031674209,5.678978032978408
Monte Cavallo,3341.9315293152927,Monte Cavallo,2711.8366515837106,-18.85421266726785
Monte San Martino,3950.4936577490776,Monte San Martino,3340.5368024132727,-15.440016063292397
Muccia,6575.4765144526455,Muccia,4949.10520361991,-24.733892779603632
Penna San Giovanni,6654.733458897089,Penna San Giovanni,6043.7197586727,-9.181640466869343
Petriolo,7277.196955719556,Petriolo,8585.380128205128,17.97647061699213
Pievebovigliana,4609.539783210332,Pievebovigliana,3223.306221719457,-30.073144536902706
Pieve Torina,7353.809540282903,Pieve Torina,5606.5643099547515,-23.759729168358835
Pioraco,5035.50793101681,Pioraco,5398.277450980392,7.204228946380161
Poggio San Vicino,2963.9272242722423,Poggio San Vicino,2872.5267722473604,-3.0837616820137725
Pollenza,26048.03178813038,Pollenza,30856.970569381603,18.46181247153794
Ripe San Ginesio,3220.945533517835,Ripe San Ginesio,3675.075226244344,14.099266442128252
San Ginesio,18011.033248769985,San Ginesio,17662.937273755655,-1.9326818745287835
San Severino Marche,78562.0221786593,San Severino Marche,85599.22637631976,8.957514079330876
Sant'Angelo in Pontano,8596.816766605167,Sant'Angelo in Pontano,7164.802677224736,-16.657492281831253
Sarnano,18657.738558323083,Sarnano,18303.707918552038,-1.8975002713451257
Sefro,2931.1082026445265,Sefro,3287.4249245852184,12.156382409192984
Serrapetrona,8046.994093378433,Serrapetrona,9774.947473604827,21.473277601238223
Serravalle di Chienti,11688.356229499794,Serravalle di Chienti,12062.778978129714,3.203382419890055
Tolentino,89482.46753280032,Tolentino,97721.82922322776,9.207794462537873
Treia,57917.97551506765,Treia,60619.50420437406,4.664404557102648
Urbisaglia,12693.199210742107,Urbisaglia,13486.918193815987,6.253104279669428
Ussita,4991.460421791718,Ussita,1701.5706636500754,-65.91036450531877
Visso,11314.59450594506,Visso,7307.1297888386125,-35.41854473883968
Cascia,22675.92145858959,Cascia,21290.919664404224,-6.107808217252093
Cerreto di Spoleto,6718.963586510865,Cerreto di Spoleto,6991.721757164404,4.059527442612346
Monteleone di Spoleto,4937.514965149652,Monteleone di Spoleto,4448.155165912519,-9.911054501934077
Norcia,33181.46758405084,Norcia,28361.90273378582,-14.524869456291366
Poggiodomo,4665.8786644116435,Poggiodomo,3887.5552790346915,-16.681175001688494
Preci,6358.53501691267,Preci,5426.021644042233,-14.665538058532396
Sant'Anatolia di Narco,5085.903392783927,Sant'Anatolia di Narco,4848.902714932126,-4.659952412546145
Scheggino,3717.8656083435835,Scheggino,3977.7777903469087,6.990897718842601
Sellano,5280.26709204592,Sellano,13004.115271493212,146.27760385610662
Spoleto,152395.43282339073,Spoleto,156949.59100678732,2.988382328146507
Vallo di Nera,4630.074992312423,Vallo di Nera,4543.841270739065,-1.8624692195382697
Accumoli,5414.546907031569,Accumoli,2400.6668929110106,-55.66264483195448
Amatrice,13897.100130688808,Amatrice,10087.312273755657,-27.41426499849447
Antrodoco,9018.097183784337,Antrodoco,9489.352337858221,5.225660629619957
Borbona,2936.6430914309144,Borbona,3370.0139517345397,14.757355484164748
Borgo Velino,4357.303518347684,Borgo Velino,4647.286067119156,6.655091791297446
Cantalice,8658.041897293971,Cantalice,8957.038499245851,3.453397494476547
Castel Sant'Angelo,5493.898869926199,Castel Sant'Angelo,6547.007202111614,19.16868797767953
Cittaducale,22836.629381918818,Cittaducale,23217.02963800905,1.6657460684255803
Cittareale,3709.8674021115216,Cittareale,3437.1350867269985,-7.351538096194324
Leonessa,10587.594390631408,Leonessa,10815.227846907994,2.150001670615668
Micigliano,3004.9748359983605,Micigliano,3556.25116892911,18.34545588624191
Poggio Bustone,4482.159299405494,Poggio Bustone,4696.23399321267,4.776150946611171
Posta,4497.8007123821235,Posta,3995.8905920060324,-11.159011980997033
Rieti,114709.21391963921,Rieti,126711.74302413275,10.463439417257316
Rivodutri,6270.857984829849,Rivodutri,6472.907541478129,3.222040064327224
Campli,15902.18455309553,Campli,19691.26496983409,23.827420717494906
Castelli,8306.297906416563,Castelli,7982.799773755656,-3.8946126939536625
Civitella del Tronto,18310.804197416976,Civitella del Tronto,21976.4003959276,20.018761377109342
Cortino,3377.364557708077,Cortino,4047.5342383107095,19.842977243102776
Crognaleto,7388.2318445059445,Crognaleto,7447.598001508296,0.8035232008386071
Montorio al Vomano,17252.704143603936,Montorio al Vomano,22450.36717571644,30.12665718283603
Rocca Santa Maria,2862.7144962074626,Rocca Santa Maria,3103.648849924585,8.416289994559833
Teramo,120991.99099272244,Teramo,149689.54845399698,23.71855957226183
Torricella Sicura,7411.578746412465,Torricella Sicura,7986.632748868778,7.758859780511205
Tossicia,5482.529802173022,Tossicia,6890.023680241327,25.672343404507153
Valle Castellana,9460.049456744568,Valle Castellana,9080.148284313726,-4.0158476355532216
Arrone,8913.638081693316,Arrone,10959.941101055807,22.956990183000077
Ferentillo,11511.228731037309,Ferentillo,11577.587952488688,0.5764738326540002
Montefranco,2757.483279520295,Montefranco,3318.3766214177977,20.340770370693896
Polino,3309.941600041,Polino,3560.087613122172,7.557414701155858
Bibbiena,11864.848836613368,Bibbiena,13826.196587481145,16.530743694056305
Chiusi della Verna,16484.89351424764,Chiusi della Verna,15931.15326168929,-3.359076915357457
Verghereto,1297.0425763632638,Verghereto,1125.0039781297135,-13.263912948480371
Casteldelci,1698.0649728372284,Casteldelci,1634.821568627451,-3.724439595742126
Pennabilli,1063.9283005330053,Pennabilli,994.3049962292611,-6.543984615209922
Carpegna,2102.7712945879457,Carpegna,2047.5098416289593,-2.628029643604932
Frontino,1212.8857241697417,Frontino,826.7594079939669,-31.835341820029285
Piandimeleto,10645.48298482985,Piandimeleto,10284.358766968326,-3.3922765024014243
Lunano,4574.173700799507,Lunano,5020.282805429864,9.752780148081895
Sassocorvaro,4364.258699774497,Sassocorvaro,4598.814121417799,5.3744619138966625
Urbino,56022.48299764248,Urbino,61349.5209841629,9.508750240050206
Petriano,334.8320136326363,Petriano,297.46911764705885,-11.15869882936894
Montefelcino,7125.52530494055,Montefelcino,9203.973190045248,29.169047840775843
Serrungarina,9142.861777367774,Serrungarina,10230.96253770739,11.901096033553722
Cartoceto,5509.007918204182,Cartoceto,6647.036387631975,20.65759364162915
Saltara,25565.500358753583,Saltara,27086.12686651584,5.947963022134225
Fano,1714.4337074620746,Fano,1738.21657239819,1.3872140306504974
San Costanzo,16008.2084102091,San Costanzo,17820.972850678732,11.323968266889615
Mondolfo,39664.950222939726,Mondolfo,42876.50476998492,8.096706359126674
Mare,151320.18657749076,Mare,175226.83129713425,15.798714804915301
Pieve Santo Stefano,30356.269283005335,Pieve Santo Stefano,34589.70197963801,13.945826666528893
Sestino,12437.781006560066,Sestino,11940.412518853696,-3.998852266686818
Piagge,4645.100604756048,Piagge,5435.584577677225,17.017585628001527
None,13634.967212484626,None,20376.48039215686,49.442826481456315
Montemaggiore al Metauro,9890.925494567446,Montemaggiore al Metauro,10728.886236802413,8.472015512554554
Badia Tedalda,7793.916871668717,Badia Tedalda,9326.83540723982,19.668140689867233
Isola del Piano,4477.156442189422,Isola del Piano,4416.543401206636,-1.3538289708086362
San Giorgio di Pesaro,5961.817791615415,San Giorgio di Pesaro,6611.406259426848,10.895812158583599
Senigallia,253148.14323236982,Senigallia,263785.7648567119,4.202132983680465
Belforte all'Isauro,2881.7705642681426,Belforte all'Isauro,3608.0597662141777,25.20288085913197
Trecastelli,30976.09668409184,Trecastelli,32796.94523001509,5.878237547141847
Peglio,4001.4726450389508,Peglio,4375.655015082956,9.351116532257667
Orciano di Pesaro,7657.1086254612555,Orciano di Pesaro,8920.768024132729,16.503088312859767
Fossombrone,43648.11968275932,Fossombrone,46992.703299396686,7.662606409958246
Mondavio,16268.515887658876,Mondavio,17638.635953996985,8.421911843707072
Monte Porzio,13376.864634583848,Monte Porzio,15234.932164404221,13.89015722725206
Sant'Ippolito,9104.07207103321,Sant'Ippolito,8919.699698340874,-2.025163808610009
Barchi,4492.453054530545,Barchi,4588.574641779789,2.1396236328459195
Sant'Angelo in Vado,16287.376742517425,Sant'Angelo in Vado,17795.997435897436,9.262514874122292
Borgo Pace,4771.063653136532,Borgo Pace,5457.233182503771,14.381898445562477
Urbania,28266.766143911445,Urbania,31375.56193438914,10.998059610534256
Fermignano,25606.196289462896,Fermignano,31125.769174208144,21.555614205053118
Corinaldo,35691.07742671177,Corinaldo,36521.70586349924,2.3272719589177226
Caprese Michelangelo,12214.652162771628,Caprese Michelangelo,13108.477526395172,7.317648932712023
Chitignano,4102.807490262403,Chitignano,3372.962895927602,-17.788906646656297
Mercatello sul Metauro,6239.24214585896,Mercatello sul Metauro,8162.74334464555,30.82908394672957
Acqualagna,20130.154827798277,Acqualagna,22534.58908371041,11.94443995329725
Montemarciano,50766.37961254612,Montemarciano,54649.30013197587,7.648606319900233
Castel Focognano,7053.7799046740465,Castel Focognano,8602.541723227752,21.956480631433507
Fratte Rosa,4429.703695161952,Fratte Rosa,4916.542665912519,10.99032811793448
San Lorenzo in Campo,15898.927134583848,San Lorenzo in Campo,17033.701112368024,7.137424860044677
Ostra,31438.448467609676,Ostra,34326.48178733032,9.186309950047686
Sansepolcro,82730.7852603526,Sansepolcro,93912.69044117647,13.516014801061754
Falconara Marittima,111578.08572929478,Falconara Marittima,112351.08029788839,0.6927835009367449
Subbiano,49092.42140733907,Subbiano,56152.688668929106,14.3815828577862
Cagli,61030.91063191882,Cagli,64773.43951734539,6.132185882000007
Pergola,28016.581578003275,Pergola,29268.297567873302,4.467768440575167
Castelleone di Suasa,6606.111341738417,Castelleone di Suasa,7006.324698340875,6.058229053359269
Morro d'Alba,7943.9346299713,Morro d'Alba,7540.126206636501,-5.0832294340803
Chiaravalle,48072.76281262812,Chiaravalle,49590.33075037707,3.1568144807152714
Monte San Vito,22377.0497898729,Monte San Vito,25802.904468325793,15.309679830999517
Ostra Vetere,19258.017361111113,Ostra Vetere,19596.09981146305,1.7555413104707582
Piobbico,12703.632866953669,Piobbico,13721.900980392158,8.015566288028836
Ancona,344696.1270372079,Ancona,366886.1264140271,6.437554018245166
Capolona,17286.87425686757,Capolona,19676.717760180996,13.8246132169557
Anghiari,45086.314191266916,Anghiari,48240.34342006033,6.995535752630539
Città di Castello,183150.6934194342,Città di Castello,307861.88565233786,68.09212124974162
Apecchio,12184.57856703567,Apecchio,13540.990950226244,11.13220597436361
San Giustino,60415.558989339894,San Giustino,78264.34523001508,29.543360252322653
Belvedere Ostrense,10285.287054120541,Belvedere Ostrense,10772.824264705883,4.74014199137031
Barbara,4947.389734522345,Barbara,5497.697266214178,11.123189423542826
Camerata Picena,13261.453477347271,Camerata Picena,15820.693740573155,19.298339111904166
Arcevia,27701.625717507173,Arcevia,26570.31327300151,-4.08392076350481
San Marcello,15413.960075850759,San Marcello,14265.990799396683,-7.447594718067381
Jesi,186034.6312525625,Jesi,202530.52805429863,8.867110758179814
Monsano,13769.651778392783,Monsano,16392.90056561086,19.050945001633636
Montecarotto,7763.977052583025,Montecarotto,8646.437443438914,11.366087056662531
Agugliano,14131.39838304633,Agugliano,15423.434634238312,9.143017670084653
Serra de' Conti,17088.63546791718,Serra de' Conti,17181.72085218703,0.5447209898333353
Sirolo,24044.913437884377,Sirolo,26293.42358597285,9.35129233838619
Arezzo,460569.70251640014,Arezzo,542019.8515271493,17.684651979001785
Camerano,28860.577234522352,Camerano,34460.724981146304,19.40414324050728
Frontone,6171.807554325544,Frontone,6360.11395173454,3.0510737049314005
Poggio San Marcello,5249.277290897909,Poggio San Marcello,4221.438895173454,-19.580569643495426
Offagna,6957.937269372694,Offagna,7725.284954751131,11.02837889551165
Polverigi,14582.240941471913,Polverigi,18249.67422699849,25.14999786552965
Castelplanio,13843.534209717098,Castelplanio,16628.8693627451,20.12011608331137
Pietralunga,11522.942189421894,Pietralunga,11341.660143288085,-1.573227073031976
Citerna,12948.162553813037,Citerna,15287.707503770736,18.06854787491634
Sassoferrato,39028.81212843378,Sassoferrato,42930.278601055805,9.996375138918651
Osimo,100349.13156006561,Osimo,119021.99643665158,18.60789882910847
Maiolati Spontini,24225.73330514555,Maiolati Spontini,26268.430222473602,8.431930177709763
Serra Sant'Abbondio,4608.55901496515,Serra Sant'Abbondio,4672.121172699849,1.3792197849327068
Cantiano,12874.053838663387,Cantiano,13234.720041478131,2.8014967727693536
Numana,37024.70288796638,Numana,35524.69157239819,-4.051379750722369
Santa Maria Nuova,10261.643309245594,Santa Maria Nuova,11510.792665912519,12.172995289569844
Monterchi,10059.633341020912,Monterchi,10609.475188536953,5.465823940857871
Rosora,4695.188486572365,Rosora,6640.485049019608,41.43170328540676
Castelbellino,12530.375076875769,Castelbellino,13493.267251131221,7.684464099023064
Gubbio,187869.25092250924,Gubbio,204371.00390271493,8.783636970486567
Monte Roberto,13460.09175123001,Monte Roberto,13910.635049019607,3.3472527982465388
Castelfidardo,54880.220261890114,Castelfidardo,65965.3632730015,20.19879468087543
Mergo,3841.483894526446,Mergo,3971.0220776772253,3.372087107676082
Genga,15764.984496719966,Genga,17068.644419306183,8.269338437075243
Serra San Quirico,16942.358010455104,Serra San Quirico,18425.70103695324,8.755233631486051
Monte Santa Maria Tiberina,14351.233638273885,Monte Santa Maria Tiberina,14329.801508295626,-0.14933998371471327
Cupramontana,14987.680132738828,Cupramontana,14873.401640271493,-0.7624828622923855
San Paolo di Jesi,4803.876473452235,San Paolo di Jesi,4445.325603318251,-7.463782054252464
Filottrano,26281.02310116851,Filottrano,32184.788216440425,22.463985106460417
Porto Recanati,61543.731242312424,Porto Recanati,61949.626885369544,0.6595239431600455
Staffolo,11563.756688191881,Staffolo,12438.82992081448,7.5673784585606505
Scheggia e Pascelupo,9064.615518655188,Scheggia e Pascelupo,9333.98229638009,2.9716293776668175
Loreto,53593.35182195571,Loreto,59257.276300904974,10.568334105628589
Recanati,86342.27129458795,Recanati,99275.29519230769,14.978785829705647
Montefano,17442.233241082413,Montefano,18329.160199849168,5.0849392191232665
Montone,10112.783825338254,Montone,8713.948812217195,-13.832343667983732
Potenza Picena,68902.9744516195,Potenza Picena,78765.59219457014,14.31377646820706
Costacciaro,10215.515913284135,Costacciaro,10410.38665158371,1.9075956608923559
Appignano,16639.733599835996,Appignano,20306.81619532428,22.038108804364686
Montecassiano,34982.333000205006,Montecassiano,39677.49157239819,13.421513574196636
Castiglion Fiorentino,70198.05186551866,Castiglion Fiorentino,79592.05145173454,13.382137162741154
Montelupone,18253.477206334563,Montelupone,21232.092515082957,16.318070661707765
Cortona,147034.71659747846,Cortona,161209.08397435897,9.640150098486059
Sigillo,9889.083871463714,Sigillo,12049.460859728506,21.846078123564624
Umbertide,70680.86116236163,Umbertide,75994.96943815988,7.518454343094612
Civitanova Marche,136988.47565600657,Civitanova Marche,165755.31623303168,20.999460311728612
Montecosaro,18100.55319803198,Montecosaro,22407.769004524886,23.796045122870705
Fossato di Vico,17855.86412207872,Fossato di Vico,19691.741176470587,10.281647764791227
Morrovalle,31594.08078362034,Morrovalle,38006.68086349924,20.296840170148126
Marciano della Chiana,253.08238519885197,Marciano della Chiana,262.3814479638009,3.674322398077
Foiano della Chiana,2282.4618568060678,Foiano della Chiana,1549.7374245852188,-32.102373585606244
Porto Sant'Elpidio,71228.43288745388,Porto Sant'Elpidio,86035.08331447963,20.78755607388042
Sant'Elpidio a Mare,58121.74856498565,Sant'Elpidio a Mare,69037.6471719457,18.781091203329915
Perugia,582223.127101271,Perugia,649418.5992835596,11.541189117106434
Gualdo Tadino,82001.24465713406,Gualdo Tadino,90954.36496983409,10.918273680033854
Lisciano Niccone,6928.71731498565,Lisciano Niccone,6971.090761689291,0.611562642510966
Montegranaro,32164.81813755638,Montegranaro,40743.89096907994,26.672225519305638
Monte San Giusto,18757.547957667077,Monte San Giusto,25378.577149321267,35.29794622728324
Tuoro sul Trasimeno,25805.663578823292,Tuoro sul Trasimeno,27510.920833333334,6.60807364748184
Valfabbrica,19576.063063755635,Valfabbrica,21655.271889140273,10.621179644819478
Fermo,168466.53927070525,Fermo,178358.13399321266,5.871548596729238
Passignano sul Trasimeno,23640.46439370644,Passignano sul Trasimeno,25251.437952488686,6.814475096399207
Magione,53390.35164257892,Magione,56775.91142533936,6.341145316713839
Sinalunga,294.92385455104545,Sinalunga,289.0447963800905,-1.9934156156695113
Monte Urano,20967.56269218942,Monte Urano,24957.62605580694,19.02969564079972
Nocera Umbra,34448.33100143501,Nocera Umbra,34764.689517345396,0.9183565842339465
Monte San Pietrangeli,15457.371873718736,Monte San Pietrangeli,16762.27021116139,8.441915922727443
Francavilla d'Ete,4419.8575107626075,Francavilla d'Ete,5220.042496229261,18.10431633866379
Torre San Patrizio,8739.984317343173,Torre San Patrizio,10879.01742081448,24.47410688399887
Porto San Giorgio,62166.10706232062,Porto San Giorgio,70677.44268476623,13.691279741729875
Torrita di Siena,477.9778213407135,Torrita di Siena,482.7769607843138,1.0040506545134003
Corciano,64716.577567650675,Corciano,77761.72803544495,20.157355283748874
Montepulciano,35498.524369618695,Montepulciano,36347.00916289593,2.390197362692081
Castiglione del Lago,95375.95377203771,Castiglione del Lago,98252.4479638009,3.0159532649481346
Rapagnano,9614.995131201313,Rapagnano,10684.109615384616,11.119241035431768
Assisi,147114.92286797866,Assisi,171740.9979826546,16.739345427775163
Magliano di Tenna,8543.94065190652,Magliano di Tenna,9082.92656485671,6.308399541959836
Grottazzolina,10232.081885506355,Grottazzolina,11253.240592006032,9.979970038610988
Ponzano di Fermo,6514.579066728167,Ponzano di Fermo,6905.130656108598,5.995039516445352
Lapedona,4121.784196904469,Lapedona,4984.294702111613,20.925658986584114
Altidona,11015.748321545718,Altidona,13967.260727752639,26.793571530987627
Monterubbiano,11813.265631406313,Monterubbiano,12218.111387631976,3.427043536118875
Monte Giberto,5101.571430401805,Monte Giberto,8626.927356711914,69.10333363758173
Panicale,17836.67065139401,Panicale,19798.778827300153,11.000417142045478
Pedaso,9572.503062218122,Pedaso,11628.920380844645,21.482545424749276
Valtopina,7881.3490159901585,Valtopina,8445.929506033184,7.163500676059018
Montottone,6052.487981754818,Montottone,5986.2592571644045,-1.0942396711907494
Petritoli,8927.37731908569,Petritoli,10909.929411764706,22.20755348203499
Campofilone,5101.266323288233,Campofilone,5530.894381598794,8.421988406079262
Torgiano,30924.750281877816,Torgiano,34319.6012254902,10.977779651148225
Bastia Umbra,80358.47332410823,Bastia Umbra,87989.95554298643,9.496798412406733
Moresco,1699.5190780032801,Moresco,1940.7296568627448,14.192872676831414
Montefiore dell'Aso,10703.42605832308,Montefiore dell'Aso,11711.133484162896,9.414811858827322
Monte Vidon Combatte,3492.6593122181225,Monte Vidon Combatte,3100.8131033182503,-11.219136304795157
Chiusi,39831.26691266913,Chiusi,40643.59875565611,2.039432601448581
Chianciano Terme,5446.64913899139,Chianciano Terme,5082.474924585219,-6.6862066036001115
Foligno,218101.68899907748,Foligno,242321.17122926094,11.104674311020997
Massignano,6033.667038232883,Massignano,5956.203865007541,-1.2838489882601987
Spello,48580.863443009424,Spello,48167.9185331825,-0.8500155834227894
Cupra Marittima,24439.86409645346,Cupra Marittima,27058.97196455505,10.7165402301957
Bettona,25483.196635403852,Bettona,25819.222888386124,1.3186189228529919
Paciano,6220.416346350963,Paciano,6202.926093514328,-0.2811749545815347
Carassai,5776.887620438703,Carassai,5159.984615384616,-10.678812633838971
Marsciano,66669.54611264863,Marsciano,71377.65452488688,7.061857604794788
Ripatransone,28516.14152829028,Ripatransone,30494.479977375566,6.937609168206066
Sarteano,15112.751870643708,Sarteano,16850.61557315234,11.499320027111711
Città della Pieve,41373.61353269784,Città della Pieve,44950.83090120664,8.646132312522568
Deruta,35240.671778905285,Deruta,39816.915365761684,12.98568771777981
Cannara,22390.3786900369,Cannara,21310.69511689291,-4.822087147746273
Piegaro,18978.253241594917,Piegaro,20181.348435143285,6.339335755682334
Grottammare,61902.96207462075,Grottammare,68133.47143665158,10.064961599931651
Cetona,14441.012325748256,Cetona,13990.425584464556,-3.120188052746868
Bevagna,28469.50349784748,Bevagna,28861.161802413273,1.3757117492245905
Gualdo Cattaneo,26332.831462689628,Gualdo Cattaneo,28023.8782239819,6.4218189513280315
Acquaviva Picena,14712.139747334973,Acquaviva Picena,17761.656768476623,20.727895965602514
San Benedetto del Tronto,192682.39482113576,San Benedetto del Tronto,218750.52307692307,13.529065942939916
Collazzone,18512.227654776547,Collazzone,18972.269947209654,2.4850725747984534
Montegabbione,3446.5934168716685,Montegabbione,4174.757334087481,21.12706168506341
Monteleone d'Orvieto,4276.371220274702,Monteleone d'Orvieto,4952.669023378582,15.814759015716056
San Venanzo,15718.59813191882,San Venanzo,16902.588838612366,7.532419219302307
Monteprandone,34438.86822211972,Monteprandone,38704.756014328814,12.386840835463795
Trevi,32246.91684604346,Trevi,33614.5189102564,4.241032005454321
Radicofani,255.15730063550635,Radicofani,161.94962292609353,-36.529496697631444
Montefalco,22602.383725399755,Montefalco,20838.854826546,-7.8024022611029435
Monsampolo del Tronto,10620.97306785568,Monsampolo del Tronto,14332.204449472096,34.942479920681066
San Casciano dei Bagni,10486.03405596556,San Casciano dei Bagni,10532.94766214178,0.44739131997698145
Fabro,7599.535157851578,Fabro,12168.680637254902,60.12401264678194
Spinetoli,15621.423021730217,Spinetoli,18819.79415535445,20.474262358654087
Fratta Todina,6986.969211254614,Fratta Todina,7876.494551282052,12.73120451990243
Colonnella,16519.898267732675,Colonnella,18778.7145173454,13.673306051918832
Martinsicuro,67178.31734317343,Martinsicuro,75279.42758295627,12.059114547926466
Parrano,1817.693867876179,Parrano,2565.923774509804,41.16369207472037
Todi,63641.77411336613,Todi,70772.78782051282,11.204926019887656
Campello sul Clitunno,14719.079515170153,Campello sul Clitunno,20204.738650075415,37.26903662183149
Controguerra,8770.016195161952,Controguerra,11676.193382352942,33.13764903643171
Giano dell'Umbria,18573.7557400574,Giano dell'Umbria,20842.107447209655,12.212671141465353
Ficulle,10018.06401189012,Ficulle,12676.587801659125,26.53730088581675
Allerona,9903.292102296024,Allerona,11678.366911764706,17.924088183333915
Monte Castello di Vibio,5092.903905289053,Monte Castello di Vibio,5343.463046757165,4.9197696663371735
Ancarano,10269.923739237393,Ancarano,11356.017269984917,10.575478049539774
Sant'Egidio alla Vibrata,19603.267873616234,Sant'Egidio alla Vibrata,28014.352168174963,42.90654164798253
Corropoli,10935.2602501025,Corropoli,15796.71378205128,44.456678860507346
Castel Ritaldi,8524.22299097991,Castel Ritaldi,7981.02366138763,-6.372420456000241
Massa Martana,18589.47278597786,Massa Martana,20056.284539969834,7.890550586772944
Torano Nuovo,2606.227834153342,Torano Nuovo,3179.1729449472095,21.983692418817032
Alba Adriatica,34722.09345530955,Alba Adriatica,43311.49890648567,24.73757943838109
Acquapendente,31351.684309655597,Acquapendente,36458.20575037707,16.28786954565239
Nereto,5940.144270192701,Nereto,8914.03806561086,50.06433615326458
Tortoreto,41757.44848042231,Tortoreto,49269.360049019604,17.98939313095052
Orvieto,77742.68597529725,Orvieto,85573.24990573151,10.072412384777166
Sant'Omero,12346.480114801147,Sant'Omero,17045.38763197587,38.058681287969705
Proceno,669.9319265067651,Proceno,862.2580128205128,28.708302844528728
Castel Viscardo,4057.5799379868795,Castel Viscardo,5306.56540346908,30.781536890727768
Bellante,13159.71695623206,Bellante,17350.20510935143,31.84330002732223
Mosciano Sant'Angelo,21228.886851681018,Mosciano Sant'Angelo,29104.888593514326,37.10039907820058
Giulianova,56839.36641553915,Giulianova,74554.75895550527,31.167470112972538
Baschi,11810.537374436244,Baschi,12546.921361236802,6.234974442352231
Acquasparta,19272.5761198237,Acquasparta,22674.4020173454,17.651121865450015
Roseto degli Abruzzi,74735.68615467404,Roseto degli Abruzzi,97325.93959276019,30.226862962538455
Castel Giorgio,4504.686782492825,Castel Giorgio,5345.978016591252,18.675909662977034
Grotte di Castro,6215.830450492003,Grotte di Castro,7823.24656862745,25.860038026105016
Avigliano Umbro,9963.244439319393,Avigliano Umbro,12034.551244343891,20.789480953114033
San Lorenzo Nuovo,7455.610790795408,San Lorenzo Nuovo,9778.069570135747,31.150483099354027
Porano,2849.5996053710537,Porano,3615.6248680241324,26.881856005638117
Notaresco,14598.296996719966,Notaresco,18296.41153846154,25.33250654218426
Castellalto,15299.001665641656,Castellalto,23934.839441930617,56.44706736442312
Onano,102.39543614186142,Onano,109.06069004524886,6.509327128753291
Montecastrilli,21543.257418511686,Montecastrilli,24638.2108974359,14.366227997929332
Montecchio,7333.130983497335,Montecchio,7089.129242081448,-3.32738828700858
Morro d'Oro,13484.205809245592,Morro d'Oro,14979.26738310709,11.087501889331834
Canzano,4113.459396781467,Canzano,4910.43286199095,19.374774085118393
Bolsena,22248.99358087331,Bolsena,21171.12309577677,-4.84458086240426
Castiglione in Teverina,4644.775830258303,Castiglione in Teverina,5006.175207390649,7.7807711359936125
Terni,332042.4049302994,Terni,391228.83774509805,17.824962093990006
Lubriano,2269.845210639606,Lubriano,2800.1069947209653,23.36114293590706
Pineto,59884.658620336195,Pineto,65643.21472473606,9.616079037719214
Gradoli,6592.874628433785,Gradoli,9160.234973604827,38.94144041657515
Bagnoregio,9714.939678146782,Bagnoregio,12802.397171945702,31.780511213507424
Civitella d'Agliano,7448.931567753179,Civitella d'Agliano,6831.443099547511,-8.2896246607877
Guardea,8725.095659081591,Guardea,13073.586085972851,49.83888540368145
Atri,29650.17763427634,Atri,36828.49894419307,24.210044872103595
San Gemini,15787.387031057811,San Gemini,16952.86879713424,7.3823601320701755
Latera,193.25244721197214,Latera,215.4513197586727,11.486981338120577
Amelia,47154.11587740877,Amelia,50796.012594268475,7.7233909470976165
Cermignano,4828.854269167692,Cermignano,6964.574886877828,44.22830962919599
Cellino Attanasio,8382.523101168512,Cellino Attanasio,9246.655147058824,10.308734440229019
Alviano,4370.923905801558,Alviano,4534.168966817496,3.7347953095056465
Basciano,5580.741479602297,Basciano,6235.884313725491,11.739351061462926
Lugnano in Teverina,4209.398588048381,Lugnano in Teverina,6258.14709653092,48.67081284009288
Penna Sant'Andrea,4067.5433451209515,Penna Sant'Andrea,5491.742628205128,35.013745699662046
Montefiascone,24636.86940088151,Montefiascone,30485.28552036199,23.738471087041695
Narni,92095.79809860601,Narni,99029.97488687783,7.529308536799324
Capodimonte,8074.611854243542,Capodimonte,8982.658898944193,11.245705194156605
Valentano,630.2822621976221,Valentano,860.5936651583711,36.540993896562476
Graffignano,6228.428672099221,Graffignano,5873.381391402715,-5.700431029851412
Colledara,7190.362828003279,Colledara,7879.692948717948,9.586861431109334
Viterbo,205756.23425328,Viterbo,244628.65269607838,18.89246203589999
Celleno,3154.3414693521936,Celleno,3970.2340874811457,25.865703699368726
Montefino,3380.3744362443626,Montefino,3536.5289969834084,4.6194456763356495
Silvi,63142.527777777774,Silvi,75581.94628582202,19.700539312938538
Marta,5350.371079335793,Marta,6739.664762443439,25.966305187193033
Fano Adriano,2811.006073185732,Fano Adriano,2752.1560897435897,-2.0935558981360436
Castel Castagna,2690.4645474579743,Castel Castagna,2427.453016591252,-9.775692124069165
Morro Reatino,1993.9749769372697,Morro Reatino,2608.513970588235,30.8197946693841
Bisenti,5957.079156416565,Bisenti,5484.145757918552,-7.939014844021353
Castilenti,5764.904802173021,Castilenti,6155.760614630468,6.779917897518748
Castiglione Messer Raimondo,6567.816600041,Castiglione Messer Raimondo,6964.821851432881,6.044706720181598
Pietracamela,2693.891835793358,Pietracamela,3313.3088235294117,22.99338746663649
Piansano,1334.841815293153,Piansano,1512.308088235294,13.294929100132094
Città Sant'Angelo,66184.37041307913,Città Sant'Angelo,72816.95997360483,10.02138347638491
Attigliano,3967.560424354243,Attigliano,4575.454091251885,15.321598208465407
Elice,4232.187974067241,Elice,4921.629656862745,16.29043149831865
Isola del Gran Sasso d'Italia,16801.773280545305,Isola del Gran Sasso d'Italia,18321.811142533938,9.046889495578881
Bomarzo,8454.088535260353,Bomarzo,9420.702243589743,11.433683291792292
Labro,1468.5178608036078,Labro,2615.868608597285,78.12984631768929
L'Aquila,210452.3060808733,L'Aquila,236029.11781674207,12.153258005184336
Giove,3214.2750230627303,Giove,4364.072190799397,35.771586422654
Stroncone,22878.254830360805,Stroncone,26170.027036199095,14.388213743776959
Montesilvano,156049.6506508815,Montesilvano,189895.83359728506,21.68936797053469
Penna in Teverina,2204.9403187781877,Penna in Teverina,2524.4361802413273,14.49000042051842
Arsita,3531.7375461254614,Arsita,3569.048397435897,1.0564446203361881
Penne,28797.05354397294,Penne,30432.116176470587,5.677881697170566
Colli sul Velino,2281.044306068061,Colli sul Velino,2501.383823529412,9.659589551820686
Vitorchiano,10469.475143501435,Vitorchiano,14145.497190799397,35.11180834676059
Orte,37273.69663540386,Orte,43605.17828054298,16.986460202944457
Contigliano,16961.526201824523,Contigliano,16936.533917797886,-0.14734690575161113
Picciano,3411.5313781262817,Picciano,4151.182522624435,21.68091283699088
Pescara,379718.6287156621,Pescara,443838.20133861236,16.886075049787394
Soriano nel Cimino,20641.064729397294,Soriano nel Cimino,23545.474981146304,14.071029231416091
Pizzoli,11999.450786695366,Pizzoli,13320.406259426847,11.008466105766415
Collecorvino,18215.181593378435,Collecorvino,23069.289347662143,26.6486926270791
Cagnano Amiterno,5879.031134686347,Cagnano Amiterno,5897.457956259427,0.31343296456386255
Arlena di Castro,151.96827593275933,Arlena di Castro,160.3705128205128,5.528941376864189
Bassano in Teverina,3246.76401701517,Bassano in Teverina,4106.696191553544,26.485823115932238
Barete,3996.4507866953672,Barete,4319.5759992458525,8.085304431277004
Tuscania,14859.357882328824,Tuscania,19164.260067873303,28.970983939110805
Cappelle sul Tavo,11226.775343378433,Cappelle sul Tavo,11822.681957013574,5.307905390541263
Farindola,7893.237315498154,Farindola,8335.40891779789,5.601904321710225
Greccio,4439.514439831899,Greccio,4324.339140271493,-2.594321994473943
Configni,5981.199133866338,Configni,4915.776828808446,-17.812854600097335
Spoltore,56932.867363673635,Spoltore,70760.13310708899,24.286965304399764
Cottanello,5697.046484214842,Cottanello,6998.845380844646,22.850417321269504
Moscufo,13562.611918306684,Moscufo,15853.12190799397,16.888413555471395
Loreto Aprutino,20922.067253485035,Loreto Aprutino,26247.891591251886,25.455535885822737
Otricoli,6842.868811500615,Otricoli,11818.167307692307,72.7077872343519
Vasanello,6471.453618286183,Vasanello,7750.16165158371,19.759208807188582
Castel del Monte,4755.068509122591,Castel del Monte,4901.83516214178,3.0865307773719057
Francavilla al Mare,81314.08671586715,Francavilla al Mare,96109.29136500754,18.195131061163774
Calascio,2401.7794818573184,Calascio,2472.757371794872,2.955220929885948
Santo Stefano di Sessanio,1790.4486341738416,Santo Stefano di Sessanio,2008.1712669683259,12.160227813234476
Castelvecchio Calvisio,775.8655186551865,Castelvecchio Calvisio,800.3280542986425,3.15293501969995
Carapelle Calvisio,665.8374846248463,Carapelle Calvisio,716.9921757164404,7.682759272770038
Montebello di Bertona,3668.0742619926195,Montebello di Bertona,3503.5127073906483,-4.486320146434983
San Giovanni Teatino,60372.240979909795,San Giovanni Teatino,69502.24349547511,15.122848460443144
Calvi dell'Umbria,6452.863750512505,Calvi dell'Umbria,9553.233804675716,48.04642053564156
Pianella,22702.92545612956,Pianella,27754.047567873302,22.248771954541173
Monte Romano,7678.733471709717,Monte Romano,8657.91065233786,12.751805805419137
Chieti,151539.88264913898,Chieti,171294.54532428356,13.035949566413915
Cepagatti,39067.28896320213,Cepagatti,47617.83518099548,21.886715061920956
Vignanello,4712.682374948749,Vignanello,5000.006768476622,6.096833409677797
Torrevecchia Teatina,13635.130701619517,Torrevecchia Teatina,16332.687386877828,19.783871121513396
Vacone,1632.6900369003688,Vacone,1816.4776395173456,11.256735722225269
Civitella Casanova,6246.560783107831,Civitella Casanova,6252.658333333333,0.0976145184081238
Torri in Sabina,6421.162605063551,Torri in Sabina,7203.296417797888,12.180563876665698
Barisciano,10901.327772652729,Barisciano,12352.968325791855,13.316181142454397
Villa Celiera,2399.7728064780645,Villa Celiera,2246.6322775263952,-6.381459467257658
Ofena,3233.701619516195,Ofena,3462.8105392156863,7.085035870865816
Ortona,58595.788796637964,Ortona,79333.49185520363,35.3911151030627
Gallese,10185.581731754817,Gallese,9445.374377828055,-7.267207445001141
Magliano Sabina,13231.068099118489,Magliano Sabina,14985.346285822021,13.258779817030867
Canepina,10901.083102706027,Canepina,12060.265629713424,10.63364544684232
Vallerano,3106.4501204387043,Vallerano,3546.4460595776773,14.163946694139584
Montebuono,3915.9948877613774,Montebuono,4419.7868778280545,12.864980790479924
Scoppito,13653.816446289464,Scoppito,15245.407070135747,11.656745424308166
Corchiano,9409.078374846247,Corchiano,10181.224717194571,8.206397179266151
Montasola,2087.2148549610497,Montasola,2713.2369720965307,29.99318041683655
Ripa Teatina,15510.518014555144,Ripa Teatina,16383.198548265462,5.626379034480926
Miglianico,14647.961280237801,Miglianico,18518.283201357466,26.422256634042878
Civitaquana,3386.76907800328,Civitaquana,4425.919984917044,30.68266194063667
Belmonte in Sabina,2630.1318803813033,Belmonte in Sabina,3596.6239253393665,36.746904296599226
Villa Santa Lucia degli Abruzzi,1886.6389785772856,Villa Santa Lucia degli Abruzzi,1947.7171380090497,3.23740578485361
Rosciano,10723.484663284133,Rosciano,12500.499736048267,16.57124646103529
Petrella Salto,7965.10086100861,Petrella Salto,7296.108597285068,-8.399043218629483
Casperia,5473.032723452234,Casperia,6249.966270739065,14.195667859934954
Tollo,9280.06597222222,Tollo,11668.828506787331,25.740792594743734
Fiamignano,2496.7855678556784,Fiamignano,3730.0312028657618,49.39333400862434
Catignano,2903.9416897293972,Catignano,3827.1363122171947,31.791086775362388
Carpineto della Nora,2798.7139324518243,Carpineto della Nora,3269.675056561086,16.827769306764207
Caprarola,13958.000922509224,Caprarola,14871.520475113122,6.544773550850831
Tarano,5634.073980114801,Tarano,5756.1697586727,2.1670957638971333
Nocciano,2642.50827695777,Nocciano,3462.205184766214,31.019653370854666
Fabrica di Roma,15767.288758200084,Fabrica di Roma,19672.376546003015,24.76702144350604
Collevecchio,5744.169831385813,Collevecchio,6571.932824283559,14.410489543239066
Vicoli,1338.060360291103,Vicoli,1326.7393476621419,-0.8460763777874876
Civita Castellana,49523.01704079542,Civita Castellana,61980.61153846154,25.155160654699138
Vetralla,22232.438063755642,Vetralla,26141.949736048264,17.58471860387678
Carbognano,4876.402419024191,Carbognano,5347.26161387632,9.655872390990075
Concerviano,2183.833717712177,Concerviano,1750.4081447963802,-19.847004348383322
Roccantica,3543.085280852809,Roccantica,4152.540799396682,17.201265852601185
Villamagna,7245.270948646986,Villamagna,8671.666214177978,19.687259118961776
Longone Sabino,2215.2282313448136,Longone Sabino,2122.2193627450984,-4.1986133655967235
Tornimparte,14631.571058835587,Tornimparte,14745.876960784313,0.7812278086138967
Bucchianico,23725.400766195162,Bucchianico,27480.742703619908,15.828360390756801
Poggio Picenze,3032.160234727347,Poggio Picenze,3383.730052790347,11.594697867100466
Monte San Giovanni in Sabina,3976.687256560065,Monte San Giovanni in Sabina,3733.6336915535444,-6.111960768490713
Giuliano Teatino,2464.6824390118904,Giuliano Teatino,3134.0634615384615,27.158915563780738
Selci,2152.3941164411644,Selci,2586.8596153846156,20.185220523730568
Lucoli,10390.869067753178,Lucoli,10307.877545248868,-0.7986966437856858
Cantalupo in Sabina,3309.3199697621976,Cantalupo in Sabina,3746.821134992458,13.220273930226778
Cugnoli,2568.6080232677327,Cugnoli,2719.899377828054,5.890013314209443
Crecchio,5476.371348400984,Crecchio,7085.853355957767,29.389570304189235
Torricella in Sabina,2714.8430453054534,Torricella in Sabina,3270.637669683258,20.472440399046015
Ronciglione,19015.821404776547,Ronciglione,18379.11544117647,-3.348295874508712
Brittoli,1775.2734342968429,Brittoli,2182.827809200603,22.957273343370108
Manoppello,20049.18751281263,Manoppello,24372.399622926092,21.563028962398953
Alanno,10038.968557810578,Alanno,11468.419871794873,14.239025710187573
Casalincontrada,6134.282800328003,Casalincontrada,7646.839894419305,24.657439888660253
Canosa Sannita,3188.696609778597,Canosa Sannita,3680.990026395173,15.438703547615265
Fossa,2776.33547304223,Fossa,2774.415742835596,-0.06914619019474974
Vacri,4312.688781262813,Vacri,5137.038782051282,19.114525591783806
Ari,3399.7915257277573,Ari,4017.060463800905,18.15608202450047
Tarquinia,3077.352718839689,Tarquinia,2905.8487556561086,-5.573100611237232
Rocca Sinibalda,3492.6108036080363,Rocca Sinibalda,3791.7971342383107,8.566265967029604
Ocre,9166.264977962279,Ocre,10379.852884615384,13.239720972182651
San Pio delle Camere,1380.5566574415743,San Pio delle Camere,1465.964781297134,6.186499003513319
Montenero Sabino,1770.9419972324724,Montenero Sabino,1888.9858597285067,6.665597330714758
Stimigliano,4351.36617209922,Stimigliano,4677.829147812971,7.502539726649942
Forano,8065.396422714225,Forano,8694.327187028657,7.797890287738389
Poggio Catino,4456.789949774497,Poggio Catino,5130.50230015083,15.116538090614334
San Demetrio ne' Vestini,3360.741761480115,San Demetrio ne' Vestini,3829.614309954751,13.95146017610524
Capestrano,2867.8091815293155,Capestrano,3531.3773378582205,23.13850449335141
Pietranico,1849.5919690446904,Pietranico,2088.1821266968327,12.899610381384472
Salisano,2669.0126076260763,Salisano,3352.602545248869,25.612090990862875
San Vito Chietino,378.9019449569496,San Vito Chietino,543.9208521870286,43.551876528062756
Sant'Eusanio Forconese,1322.2434527470273,Sant'Eusanio Forconese,1547.9599547511311,17.070721850440364
Prata d'Ansidonia,1456.7859137966377,Prata d'Ansidonia,1543.5300716440422,5.954489058816756
Blera,12292.709960537108,Blera,13027.510143288086,5.977528023600031
Nepi,40133.92482831078,Nepi,53096.67801659126,32.29874288082697
Capranica,19746.94174097991,Capranica,22253.147888386124,12.691616657809856
Ponzano Romano,8978.81510096351,Ponzano Romano,9827.037085218702,9.44692562122335
Sant'Oreste,15920.486918306684,Sant'Oreste,19004.721474358976,19.372740117048714
Corvara,1473.568893501435,Corvara,1884.6770550527904,27.89880835326923
Villa San Giovanni in Tuscia,1902.3637889503896,Villa San Giovanni in Tuscia,1972.0299396681746,3.6620835153839146
Poggio Mirteto,17018.29343480935,Poggio Mirteto,18175.56930618401,6.800187549989929
Casacanditella,4301.303736162361,Casacanditella,5225.340516591252,21.48271401203859
Varco Sabino,693.5626793767938,Varco Sabino,589.7275829562594,-14.971263522113992
Frisa,5869.5755432554315,Frisa,7678.122888386125,30.81223389668859
Montopoli di Sabina,17893.328695161952,Montopoli di Sabina,20086.61721342383,12.257576863576562
Mompeo,1189.80641400164,Mompeo,1536.4741138763197,29.136479329334154
Castel Sant'Elia,9911.320085075851,Castel Sant'Elia,12588.087085218702,27.00716934945367
Barbarano Romano,8034.800994259942,Barbarano Romano,8684.371021870285,8.084456952628894
Roccamontepiano,5484.146691779417,Roccamontepiano,6635.2305429864255,20.989297258084857
Arielli,4207.760211664617,Arielli,5108.769570135747,21.41303955423556
Fagnano Alto,2599.8491056785565,Fagnano Alto,2877.1554487179487,10.666247607743978
Caporciano,958.7056811193112,Caporciano,1251.764894419306,30.568214945575523
Turrivalignani,1788.8137171996723,Turrivalignani,3290.992609351433,83.97626190520114
Serramonacesca,5146.372527162772,Serramonacesca,6360.564705882353,23.593165327830892
Pescorocchiano,6025.703618286182,Pescorocchiano,3684.695814479638,-38.8503642413194
Villa Sant'Angelo,751.1373385608856,Villa Sant'Angelo,857.1744909502263,14.11687942347517
Navelli,2894.55770807708,Navelli,3261.8601998491704,12.689416788864015
Poggio San Lorenzo,1177.7553941164415,Poggio San Lorenzo,1150.6340309200605,-2.302801017245828
Orsogna,7124.4862904879055,Orsogna,9539.43371040724,33.89644279537173
Filacciano,1926.0756841943416,Filacciano,2090.2571832579188,8.524145775312698
Lanciano,70327.00749538744,Lanciano,79222.34342006034,12.648534668926892
Fara Filiorum Petri,7370.999026240264,Fara Filiorum Petri,8598.175169683258,16.648708527491706
Faleria,7162.858510147603,Faleria,8843.049792609352,23.456993881443097
Rocca di Mezzo,10447.521602091021,Rocca di Mezzo,10956.040064102564,4.867359756497328
Scafa,5968.389055453054,Scafa,6053.782805429864,1.4307671497854078
Casaprota,1840.5696622591224,Casaprota,1862.0970588235293,1.169605095956221
Borgorose,10346.156198749488,Borgorose,12092.734445701357,16.881421596582634
Poggiofiorito,4813.025932759328,Poggiofiorito,5680.173378582202,18.016679276974827
Sutri,25310.70853833538,Sutri,28073.64769984917,10.91608777892988
Torre de' Passeri,3728.224054428045,Torre de' Passeri,4533.718721719457,21.605318122839716
Pescosansonesco,2432.6547765477653,Pescosansonesco,2541.4244720965307,4.471234332029756
Castiglione a Casauria,4458.525433066831,Castiglione a Casauria,4397.921116138763,-1.3592905959130344
San Valentino in Abruzzo Citeriore,2376.765426404264,San Valentino in Abruzzo Citeriore,2718.636972096531,14.383899306776518
Filetto,3659.5825645756454,Filetto,3941.30754147813,7.698281755672119
Lettomanoppello,2618.382969454695,Lettomanoppello,2903.3089743589744,10.881754435013697
Ascrea,982.0300840508405,Ascrea,947.8675150829562,-3.4787701031484604
Rocca di Cambio,1694.980998872489,Rocca di Cambio,2163.0702111613878,27.616192311316436
Mazzano Romano,11172.758110393605,Mazzano Romano,11990.642986425339,7.320348905351187
Bussi sul Tirino,4416.7768168306675,Bussi sul Tirino,4765.866666666667,7.903724012174439
Torrita Tiberina,5463.5094429069295,Torrita Tiberina,6013.097153092006,10.059243347672544
Bolognano,4406.899215867159,Bolognano,4780.299604072398,8.473086628820582
Vejano,9242.264401394015,Vejano,10611.691760935144,14.817011287131942
Nazzano,9552.144821135711,Nazzano,10407.668344645552,8.956350008605947
San Martino sulla Marrucina,3144.7279622796223,San Martino sulla Marrucina,3400.5125188536954,8.133757820776783
Castelnuovo di Farfa,2325.8207385198853,Castelnuovo di Farfa,2666.3300904977377,14.640395381225602
Calcata,2468.0515452029517,Calcata,2687.2274698340875,8.880524600757989
Fontecchio,1351.5653828413283,Fontecchio,1477.798378582202,9.339762422406858
Monteleone Sabino,2191.640093275933,Monteleone Sabino,1791.4007352941176,-18.262093270230398
Marcetelli,155.891233599836,Marcetelli,137.19321266968325,-11.99427350619953
Poggio Nativo,3773.3627383148832,Poggio Nativo,4806.111595022624,27.36945606159635
Tolfa,2698.8873001230013,Tolfa,3421.0193061840123,26.756656568360597
Rignano Flaminio,19903.552659901598,Rignano Flaminio,27872.978770739064,40.040219186059964
Collepietro,1389.038745387454,Collepietro,1616.4012820512821,16.368336550641608
Abbateggio,1571.8380996309963,Abbateggio,1703.8883484162895,8.401008272817235
Pretoro,6550.665949159492,Pretoro,8344.045060331826,27.37705028909985
Bassano Romano,12791.164347580976,Bassano Romano,15920.347586727,24.463630941758684
Frasso Sabino,746.0464329643296,Frasso Sabino,697.0570135746607,-6.5665375806456305
Castel di Tora,1215.1413617261173,Castel di Tora,1051.30116892911,-13.48322079698375
Rapino,6388.133725399755,Rapino,8261.471964555052,29.32528215097857
Tocco da Casauria,10422.415346965969,Tocco da Casauria,10079.91798642534,-3.2861611165815963
Tione degli Abruzzi,1685.383622898729,Tione degli Abruzzi,1803.425056561086,7.003831772100336
Castel Frentano,11165.746758405083,Castel Frentano,13012.40254524887,16.53857844710391
Roccamorice,2661.973554735547,Roccamorice,2580.646587481146,-3.0551380613726833
Fara in Sabina,29608.48919895449,Fara in Sabina,31642.067175716445,6.868226079004954
Poggio Moiano,4861.656134686346,Poggio Moiano,4069.010953996983,-16.30401572489045
Colle di Tora,1132.539257892579,Colle di Tora,1161.6029223227754,2.566239026828786
Guardiagrele,20811.509660721604,Guardiagrele,23959.846757164407,15.127865050485914
Civitella San Paolo,9743.446199774498,Civitella San Paolo,11186.416421568629,14.80964940133324
Acciano,2307.2797637351373,Acciano,2488.164423076923,7.83973674041854
Toffia,2324.0637171996723,Toffia,2934.29592760181,26.257120486241366
Allumiere,5496.114173329233,Allumiere,6484.514894419306,17.983627885433023
Caramanico Terme,6420.205668306683,Caramanico Terme,6700.534521116138,4.366353155838878
Monterosi,3990.279827798278,Monterosi,6867.409219457014,72.10344927729676
San Benedetto in Perillis,2370.3054530545305,San Benedetto in Perillis,2167.186349924585,-8.569321851248871
Scandriglia,7258.950376691266,Scandriglia,6794.588819758673,-6.397089563026544
Oriolo Romano,5863.47127408774,Oriolo Romano,6878.346116138763,17.308430358242365
Paganico Sabino,647.7914104141041,Paganico Sabino,686.3878959276018,5.958165683120846
Collegiove,417.7864775522755,Collegiove,325.17170060331824,-22.16796902847792
Fiano Romano,21440.859291717916,Fiano Romano,27036.36380090498,26.09738925598225
Collalto Sabino,381.56588253382535,Collalto Sabino,275.2065233785822,-27.874441616465685
Popoli,17395.96472683477,Popoli,20470.49668174962,17.673822654814437
Magliano Romano,3861.8112059245595,Magliano Romano,4865.999868024133,26.003049050119483
Nerola,8346.073762300122,Nerola,6008.544720965309,-28.00752914374681
Sant'Eusanio del Sangro,4196.222273472735,Sant'Eusanio del Sangro,4967.120248868779,18.37123786958167
Bracciano,6895.038630073801,Bracciano,6784.072907239819,-1.609356071625001
Secinaro,1040.5318009430096,Secinaro,1141.7305995475112,9.72568051382837
Salle,2008.1243337433377,Salle,2279.84649321267,13.531142215821657
Trevignano Romano,12013.801968019678,Trevignano Romano,15898.422605580692,32.334648497634134
Magliano de' Marsi,813.5635762607626,Magliano de' Marsi,795.3289215686275,-2.2413312523089846
Pennapiedimonte,3117.953900164002,Pennapiedimonte,3262.996907993967,4.651865052345254
Capena,2759.378715662157,Capena,2789.5634049773757,1.0938944025295
Pozzaglia Sabina,1019.6279469044691,Pozzaglia Sabina,989.2786953242837,-2.976502524506509
Carsoli,275.3716815293153,Carsoli,280.196455505279,1.7520951861021563
Ovindoli,798.8285029725298,Ovindoli,743.7595211161388,-6.893717694282716
Campagnano di Roma,1236.5908030955309,Campagnano di Roma,2053.489460784314,66.06054772879261
Casoli,1540.3498744362444,Casoli,1525.3422888386124,-0.9742971935596543
Morlupo,2119.0112366748667,Morlupo,2346.130015082956,10.718148845896735
Nespolo,293.8719249692497,Nespolo,246.79117647058823,-16.0208391814182
Montelibretti,1557.0157851578515,Montelibretti,1790.5370098039216,14.997999819404242
Massa d'Albe,591.7427224272242,Massa d'Albe,654.0642533936651,10.531862683635387
Molina Aterno,349.0473554735547,Molina Aterno,365.57944947209654,4.736347014035569
Canale Monterano,816.2688089380895,Canale Monterano,962.4088046757163,17.90341541136982
Corfinio,204.71969813448135,Corfinio,209.3209653092006,2.247593766818013
Orvinio,26.043216994669944,Orvinio,20.636689291101057,-20.759830495116628
Sante Marie,50.60530699056991,Sante Marie,36.351055806938156,-28.16750264213983
Roccacasale,12.182426199261993,Roccacasale,12.986783559577677,6.602604006453264
Montorio Romano,67.45254202542024,Montorio Romano,51.2362556561086,-24.041030748997358
Manziana,8.230281365313653,Manziana,9.093156108597285,10.484146349117529
Celano,4.2099349118491185,Celano,4.262122926093514,1.2396394561233897
