Comune,RCR FORECAST,RCR ACTUAL,OOPP,SMALL DAMAGE REQ.,GREAT DAMAGE REQ.,TOT REQ.,ACCEPTED REQ.,BUILDING STARTED,BUILIDING CONCLUDED,SMALL DAMAGE,GREAT DAMAGE,TOT. DAMAGE,N_Interventi,Eur_Interventi,N_Interventi_priv,Eur_Interventi_priv,N_Interventi_pubb,Eur_Interventi_pubb,pop_iniz_2016,DELTA FORECAST ACTUAL,DELTA G DAMAGE Interventi,P RCR
Acquasanta Terme,0.4245901639344262,0.08885245901639344,0.0006557377049180328,0.0740983606557377,0.04065573770491803,0.11475409836065574,0.05737704918032787,0.05737704918032787,0.032131147540983604,0.15245901639344261,0.27344262295081967,0.4259016393442623,0.3445901639344262,141108.76084262296,0.13934426229508196,54703.532750819664,0.0045901639344262295,3828.241150819672,3050,0.3357377049180328,-0.30393442622950817,0.20926640926640927
Amandola,0.2523591264491777,0.03316257751415476,0.0013480722566729577,0.037746023186842816,0.014289565920733351,0.05203558910757616,0.02291722836344028,0.02291722836344028,0.00862766244270693,0.09436505796710704,0.16069021299541655,0.2550552709625236,0.178215152332165,77273.7169236991,0.06147209490428687,20038.570601240226,0.004044216770018873,6301.821019142626,3709,0.2191965489350229,-0.16392558641143165,0.13141025641025642
Apiro,0.1825691862866584,0.02643535729037588,0.008261049153242462,0.03139198678232136,0.015282940933498555,0.04667492771581991,0.01321767864518794,0.01321767864518794,0.007021891780256092,0.058240396530359353,0.12474184221396117,0.18298223874432054,0.16356877323420074,54819.72163981826,0.05080545229244114,12183.295770342833,0.0037174721189591076,1742.9885377942999,2421,0.15613382899628253,-0.1482858323007022,0.14479638009049775
Appignano del Tronto,0.09665226781857451,0.019438444924406047,0.003779697624190065,0.026457883369330453,0.010259179265658747,0.0367170626349892,0.016198704103671708,0.016198704103671708,0.00755939524838013,0.04049676025917927,0.05669546436285097,0.09719222462203024,0.09017278617710583,31628.199924406046,0.04049676025917927,12167.16901187905,0.0032397408207343412,1707.0084071274298,1852,0.07721382289416846,-0.07991360691144708,0.2011173184357542
Arquata del Tronto,1.6083916083916083,0.08469308469308469,0.008547008547008548,0.046620046620046623,0.0777000777000777,0.12432012432012432,0.06604506604506605,0.06604506604506605,0.03108003108003108,0.22843822843822845,0.00137995337995338,0.22981818181818184,1.4125874125874125,676244.6495881896,0.1717171717171717,99658.70721056721,0.029526029526029528,32446.62811965812,1287,1.5236985236985237,-1.334887334887335,0.052657004830917876
Ascoli Piceno,0.03542976099923936,0.009047599983986548,2.0016814123864046e-05,0.010909163697505905,0.003342807958685296,0.0142519716561912,0.006465430962008087,0.006465430962008087,0.002742303534969374,0.016553905280435564,0.018935906161175388,0.03548981144161095,0.031106129148484728,17947.23310140518,0.016413787581568518,8407.06902438048,0.000880739821450018,1802.504443132231,49958,0.026382161015252814,-0.02776332118979943,0.25536723163841807
Belforte del Chienti,0.12365591397849462,0.03333333333333333,0.004301075268817204,0.026344086021505377,0.016129032258064516,0.04247311827956989,0.01989247311827957,0.01989247311827957,0.012365591397849462,0.04516129032258064,0.07956989247311828,0.12473118279569892,0.10376344086021505,41176.64141935484,0.04946236559139785,16617.834344086023,0.004838709677419355,839.783005376344,1860,0.09032258064516129,-0.08763440860215053,0.26956521739130435
Belmonte Piceno,0.10993975903614457,0.012048192771084338,0.022590361445783132,0.02108433734939759,0.0015060240963855422,0.022590361445783132,0.010542168674698794,0.010542168674698794,0.0030120481927710845,0.0391566265060241,0.07228915662650602,0.11144578313253012,0.08433734939759036,23890.98766566265,0.0286144578313253,5865.335918674698,0.006024096385542169,2059.126506024096,664,0.09789156626506024,-0.08283132530120482,0.1095890410958904
Bolognola,0.7267080745341615,0.18012422360248448,0.037267080745341616,0.13664596273291926,0.06832298136645963,0.20496894409937888,0.09316770186335403,0.09316770186335403,0.055900621118012424,0.391304347826087,0.3416149068322981,0.7329192546583851,0.5962732919254659,342641.4442236025,0.2795031055900621,105735.54608695653,0.062111801242236024,45367.36024844721,161,0.546583850931677,-0.5279503105590062,0.24786324786324787
Caldarola,0.4344752582925503,0.04187058183795541,0.0076128330614464385,0.04567699836867863,0.021207177814029365,0.06688417618270799,0.03317020119630234,0.03317020119630234,0.018488308863512777,0.10821098423056008,0.33007069059271343,0.4382816748232735,0.2588363240891789,138320.65994018488,0.08482871125611746,42769.38015225666,0.005981511691136488,5819.322082653616,1839,0.3926046764545949,-0.23762914627514953,0.09637046307884856
Camerino,0.3461315560707041,0.04665314401622718,0.0010141987829614604,0.04042306577803535,0.026224282816574906,0.06664734859461026,0.026658939437844104,0.026658939437844104,0.016661837148652565,0.08866995073891626,0.00025992465951898004,0.08892987539843523,0.23254129237902058,173602.3184729064,0.0825847580411475,45210.81911474934,0.007244277021153289,14786.628190379599,6902,0.29947841205447695,-0.20631700956244567,0.13478442863122644
Camporotondo di Fiastrone,0.24108658743633277,0.059422750424448216,0.003395585738539898,0.035653650254668934,0.03904923599320883,0.07470288624787776,0.030560271646859084,0.030560271646859084,0.015280135823429542,0.06281833616298811,0.17826825127334464,0.24108658743633277,0.23089983022071306,97402.44585738539,0.09168081494057725,34976.35089983022,0.015280135823429542,2451.299507640068,589,0.18166383701188454,-0.19185059422750425,0.24647887323943662
Castel di Lama,0.026446280991735537,0.011570247933884297,0.0002361275088547816,0.008618654073199528,0.0059031877213695395,0.014521841794569067,0.009799291617473435,0.009799291617473435,0.005076741440377804,0.011216056670602124,0.015348288075560802,0.026564344746162927,0.025737898465171192,14402.02941322314,0.016174734356552537,7515.418719008264,0.0009445100354191264,819.5513577331759,8470,0.01487603305785124,-0.019834710743801654,0.4375
Castelraimondo,0.1136890951276102,0.02425648597342333,0.002109259649862898,0.02130352246361527,0.01117907614427336,0.03248259860788863,0.015819447373971736,0.015819447373971736,0.011811854039232229,0.037122969837587005,0.07698797721999578,0.11411094705758279,0.09090909090909091,42841.47311959502,0.03649019194262814,13963.149736342544,0.0025311115798354778,2509.618409618224,4741,0.08943260915418688,-0.07973001476481754,0.21335807050092764
Castelsantangelo sul Nera,3.3548387096774195,0.05806451612903226,0.03870967741935484,0.01935483870967742,0.06451612903225806,0.08387096774193549,0.01935483870967742,0.01935483870967742,0.00967741935483871,0.26129032258064516,3.0935483870967744,3.3548387096774195,2.1548387096774193,1055137.9989354839,0.1967741935483871,103952.48354838708,0.11935483870967742,195425.81716129032,310,3.296774193548387,-2.0903225806451613,0.01730769230769231
Castignano,0.08856464200882253,0.012894468951476078,0.007465218866644045,0.0169664065151001,0.006107906345436036,0.02307431286053614,0.011876484560570071,0.011876484560570071,0.0067865626060400405,0.02816423481506617,0.061079063454360365,0.08924329826942654,0.07974211062097047,25213.9634306074,0.02986087546657618,8024.252656939259,0.0027146250424160165,1287.2249745503902,2947,0.07567017305734645,-0.07363420427553444,0.14559386973180077
Castorano,0.03229974160206718,0.00818260120585702,0.0008613264427217916,0.008613264427217916,0.003875968992248062,0.012489233419465978,0.007321274763135229,0.007321274763135229,0.0034453057708871662,0.012058570198105082,0.020671834625323,0.03273040482342808,0.03359173126614987,12320.888763996554,0.014211886304909561,3664.551468561585,0.0008613264427217916,990.5254091300603,2322,0.024117140396210164,-0.029715762273901807,0.25333333333333335
Cerreto d'Esi,0.045122258633728256,0.007562389715149987,0.0012603982858583312,0.014620620115956643,0.0017645576002016637,0.016385177716158307,0.004789513486261659,0.004789513486261659,0.003024955886059995,0.0216788505167633,0.023695487774136628,0.04537433829089992,0.038064028232921605,10857.79307285102,0.01739349634484497,3464.2619460549536,0.0017645576002016637,2259.4917267456517,3967,0.03755986891857827,-0.03629947063271994,0.16759776536312848
Cessapalombo,0.8095238095238095,0.0695970695970696,0.016483516483516484,0.09706959706959707,0.031135531135531136,0.1282051282051282,0.04212454212454213,0.04212454212454213,0.02564102564102564,0.22893772893772893,0.5842490842490843,0.8131868131868132,0.44505494505494503,160101.1408058608,0.1391941391941392,30274.437765567764,0.007326007326007326,8588.906593406593,546,0.73992673992674,-0.4139194139194139,0.08597285067873303
Cingoli,0.06156627652488343,0.011133314302026834,0.004948139689789704,0.012941288419449996,0.005328765819773528,0.018270054239223524,0.0078028356646683795,0.0078028356646683795,0.003996574364830145,0.025121324578932343,0.03692073460843087,0.06204205918736321,0.04795889237796175,19496.144606527738,0.0211247502141022,6071.204911980208,0.0008564087924636027,2792.7050385383955,10509,0.0504329622228566,-0.04263012655818822,0.18083462132921174
Colli del Tronto,0.018508132361189006,0.00448681996634885,0.002243409983174425,0.00448681996634885,0.0025238362310712283,0.007010656197420078,0.0036455412226584407,0.0036455412226584407,0.001962983735277622,0.01065619742007852,0.008132361189007292,0.01878855860908581,0.01682557487380819,7132.874570947841,0.008132361189007292,4354.70765844083,0.002243409983174425,696.845123387549,3566,0.014021312394840156,-0.01430173864273696,0.24242424242424243
Colmurano,0.23317683881064163,0.028951486697965573,0.004694835680751174,0.03051643192488263,0.013302034428794992,0.04381846635367762,0.013302034428794992,0.013302034428794992,0.006259780907668232,0.07042253521126761,0.162754303599374,0.23317683881064163,0.1784037558685446,58288.26708920188,0.05086071987480438,13578.12661971831,0.005477308294209703,2654.92848200313,1278,0.20422535211267606,-0.1651017214397496,0.12416107382550336
Comunanza,0.11267166042446941,0.019350811485642945,0.0006242197253433209,0.024656679151061175,0.00749063670411985,0.032147315855181026,0.014044943820224719,0.014044943820224719,0.009363295880149813,0.04931335830212235,0.06460674157303371,0.11392009987515606,0.09644194756554307,36395.75829588015,0.03526841448189763,10931.138916978778,0.002184769038701623,1538.703086766542,3204,0.09332084893882647,-0.08895131086142322,0.17174515235457063
Corridonia,0.031001174781360136,0.004242266022712439,0.0003263281555932646,0.006396031849627986,0.0011747813601357526,0.0075708132097637385,0.003067484662576687,0.003067484662576687,0.0020885001957968935,0.014423704477222295,0.01670800156637515,0.03113170604359744,0.022451377104816605,8344.032192925206,0.008680328938780839,2220.832579950398,0.0006526563111865292,1365.377888004177,15322,0.026758908758647695,-0.02127659574468085,0.1368421052631579
Cossignano,0.1497536945812808,0.03645320197044335,0.019704433497536946,0.034482758620689655,0.016748768472906402,0.05123152709359606,0.026600985221674877,0.026600985221674877,0.017733990147783252,0.059113300492610835,0.0916256157635468,0.15073891625615762,0.12610837438423644,46584.32378325123,0.05714285714285714,12544.430866995073,0.0049261083743842365,1645.383251231527,1015,0.11330049261083744,-0.10935960591133005,0.24342105263157895
Esanatoglia,0.11457848160223567,0.03493246390312063,0.0032603632976245926,0.037261294829995344,0.004191895668374476,0.04145319049836982,0.025617140195621797,0.025617140195621797,0.022822543083372147,0.04937121564974383,0.0656730321378668,0.11504424778761062,0.10805775500698649,38560.772901723336,0.04517931998136935,6887.811788542152,0.0032603632976245926,3329.995006986493,2147,0.07964601769911504,-0.10386585933861202,0.3048780487804878
Fabriano,0.012475822050290136,0.003159252095422308,0.0003546099290780142,0.004319793681495809,0.0008704061895551257,0.005190199871050935,0.0015473887814313346,0.0015473887814313346,0.0007092198581560284,0.0068020631850419086,0.005705996131528047,0.012508059316569954,0.011702127659574468,7867.472050934881,0.005963894261766602,3062.2227311411993,0.0003546099290780142,723.6706866537718,31020,0.009316569954867827,-0.010831721470019342,0.2532299741602067
Falerone,0.10338733431516936,0.016494845360824743,0.0002945508100147275,0.024447717231222386,0.00471281296023564,0.029160530191458027,0.01561119293078056,0.01561119293078056,0.008836524300441826,0.0374079528718704,0.0662739322533137,0.1036818851251841,0.08159057437407953,30423.376391752576,0.03181148748159057,7110.9302680412375,0.0014727540500736377,3240.3196907216493,3395,0.08689248895434462,-0.07687776141384389,0.15954415954415954
Fiastra,1.1280276816608996,0.32006920415224915,0.01384083044982699,0.23875432525951557,0.14359861591695502,0.38235294117647056,0.22664359861591696,0.22664359861591696,0.12975778546712802,0.31141868512110726,0.8235294117647058,1.1349480968858132,1.0916955017301038,447309.62842560554,0.5,171560.9693598616,0.0328719723183391,31530.114152249134,578,0.8079584775086506,-0.9480968858131488,0.2837423312883436
Fiuminata,0.1229124916499666,0.02404809619238477,0.01002004008016032,0.026052104208416832,0.006680026720106881,0.032732130928523714,0.014028056112224449,0.014028056112224449,0.01068804275217101,0.053440213760855046,0.07147628590514363,0.12491649966599866,0.09485637942551771,26835.497648630593,0.038744154976619906,5928.417154308618,0.006680026720106881,2783.524682698731,1497,0.09886439545758183,-0.08817635270541083,0.1956521739130435
Folignano,0.01881315846054612,0.0056976994194796815,0.0006450225757901526,0.00612771447000645,0.0016125564394753817,0.0077402709094818315,0.004945173081057837,0.004945173081057837,0.002902601591055687,0.007955278434745217,0.010965383788432596,0.01892066222317781,0.016448075682648892,7040.394150720275,0.008492797247903677,2921.9571511502904,0.0006450225757901526,1084.175446140615,9302,0.013115459041066438,-0.014835519243173511,0.3028571428571429
Force,0.27521008403361347,0.03361344537815126,0.00980392156862745,0.03991596638655462,0.0196078431372549,0.05952380952380952,0.0273109243697479,0.0273109243697479,0.01330532212885154,0.10224089635854341,0.17366946778711484,0.2759103641456583,0.18137254901960784,93043.16212184874,0.06932773109243698,21493.38224789916,0.004201680672268907,4563.839285714285,1428,0.2415966386554622,-0.16176470588235295,0.12213740458015267
Gagliole,0.2778625954198473,0.04885496183206107,0.010687022900763359,0.04732824427480916,0.025954198473282442,0.0732824427480916,0.04122137404580153,0.04122137404580153,0.021374045801526718,0.08244274809160305,0.1969465648854962,0.27938931297709924,0.22748091603053436,112064.45589312977,0.08702290076335878,32087.71093129771,0.00916030534351145,1171.8915877862596,655,0.22900763358778625,-0.2015267175572519,0.17582417582417584
Gualdo,0.6002304147465438,0.06566820276497695,0.002304147465437788,0.05414746543778802,0.05414746543778802,0.10829493087557604,0.04377880184331797,0.04377880184331797,0.021889400921658985,0.15552995391705068,0.44815668202764974,0.6036866359447005,0.3824884792626728,143141.93355990783,0.11405529953917051,34864.52368663594,0.008064516129032258,10620.673122119815,868,0.5345622119815668,-0.3283410138248848,0.10940499040307101
Loro Piceno,0.1354292623941959,0.021362353889560662,0.0008061265618702137,0.023377670294236194,0.007658202337767029,0.031035872632003223,0.013704151551793631,0.013704151551793631,0.00886739218057235,0.04353083434099154,0.09189842805320435,0.1354292623941959,0.13301088270858524,51275.89143893591,0.03466344216041919,9935.2064006449,0.0048367593712212815,1919.7296654574768,2481,0.11406690850463523,-0.12535268037081823,0.15773809523809523
Macerata,0.02039553535305457,0.004426568933101692,0.00023798757704847806,0.005854494395392561,0.0014279254622908684,0.007282419857683429,0.001856303100978129,0.001856303100978129,0.000999547823603608,0.011209214878983317,0.009305314262595493,0.02051452914157881,0.015588186296675313,14752.211626407103,0.008234370165877341,5931.090779647302,0.0009519503081939122,2854.559175611033,42019,0.01596896641995288,-0.014160260834384444,0.21703617269544925
Maltignano,0.05517519130084575,0.01369311316955296,0.004832863471606927,0.02013693113169553,0.003624647603705195,0.023761578735400725,0.005638340716874748,0.005638340716874748,0.004027386226339106,0.029802658074909383,0.02577527184857028,0.05557792992347966,0.05759162303664921,17726.356741844542,0.024969794603302457,5236.716814337495,0.002013693113169553,437.7766572694321,2483,0.04148207813129279,-0.05396697543294402,0.24817518248175183
Massa Fermana,0.06686626746506986,0.00499001996007984,0.021956087824351298,0.008982035928143712,0.001996007984031936,0.010978043912175649,0.0029940119760479044,0.0029940119760479044,0.001996007984031936,0.015968063872255488,0.05189620758483034,0.06786427145708583,0.0658682634730539,23602.192724550896,0.012974051896207584,3018.3001197604794,0.00499001996007984,4188.835528942116,1002,0.06187624750499002,-0.06387225548902195,0.07462686567164178
Matelica,0.0641579878168599,0.010905875417567303,0.00019650225977598743,0.013067400275103164,0.00422479858518373,0.017292198860286892,0.007761839261151504,0.007761839261151504,0.004323049715071723,0.023776773432894478,0.0406759677736294,0.06445274120652388,0.04794655138534093,34203.48270190607,0.0203379838868147,11050.764148162703,0.001375515818431912,2335.982820789939,10178,0.05325211239929259,-0.0437217528001572,0.16998468606431852
Mogliano,0.07940498638173057,0.011104127383197151,0.001047559187094071,0.013199245757385292,0.0033521893987010264,0.016551435156086317,0.008380473496752567,0.008380473496752567,0.0056568196103079825,0.034569453174104335,0.04525455688246386,0.0798240100565682,0.056568196103079824,21352.463718835115,0.018437041692855646,4948.478927299393,0.001257071024512885,1916.7052566520008,4773,0.06830085899853341,-0.053216006704378795,0.13984168865435356
Monsampietro Morico,0.1656891495601173,0.004398826979472141,0.013196480938416423,0.010263929618768328,0.004398826979472141,0.01466275659824047,0.005865102639296188,0.005865102639296188,0.001466275659824047,0.03372434017595308,0.1348973607038123,0.16862170087976538,0.12023460410557185,53872.86709677419,0.016129032258064516,3277.7580645161293,0.007331378299120235,2860.6004985337245,682,0.16129032258064516,-0.1158357771260997,0.02654867256637168
Montalto delle Marche,0.0915929203539823,0.012389380530973451,0.023008849557522124,0.012831858407079646,0.008849557522123894,0.02168141592920354,0.00663716814159292,0.00663716814159292,0.0035398230088495575,0.034955752212389384,0.05752212389380531,0.09247787610619469,0.0836283185840708,38432.397774336285,0.02654867256637168,7855.164278761062,0.002654867256637168,2346.5132743362833,2260,0.07920353982300884,-0.0747787610619469,0.13526570048309178
Montappone,0.06918238993710692,0.010863350485991996,0.004574042309891366,0.010863350485991996,0.003430531732418525,0.01429388221841052,0.00686106346483705,0.00686106346483705,0.002287021154945683,0.020011435105774727,0.04974271012006861,0.06975414522584333,0.05889079473985134,20799.489353916524,0.018296169239565466,5192.337913093196,0.002287021154945683,633.4476843910807,1749,0.058319039451114926,-0.05546026300743282,0.15702479338842976
Monte Cavallo,0.9395973154362416,0.09395973154362416,0.040268456375838924,0.1476510067114094,0.04697986577181208,0.19463087248322147,0.04697986577181208,0.04697986577181208,0.03355704697986577,0.2684563758389262,0.6845637583892618,0.9530201342281879,0.8389261744966443,277811.86912751675,0.22818791946308725,46009.892684563754,0.06711409395973154,17726.67322147651,149,0.8456375838926175,-0.7919463087248322,0.1
Monte Rinaldo,0.2040302267002519,0.030226700251889168,0.03526448362720403,0.027707808564231738,0.010075566750629723,0.037783375314861464,0.02518891687657431,0.02518891687657431,0.010075566750629723,0.04534005037783375,0.15869017632241814,0.2040302267002519,0.15113350125944586,53237.66171284635,0.04785894206549118,8750.389395465994,0.020151133501259445,8027.791964735517,397,0.17380352644836272,-0.14105793450881612,0.14814814814814814
Monte San Martino,0.31186868686868685,0.030303030303030304,0.010101010101010102,0.030303030303030304,0.026515151515151516,0.056818181818181816,0.016414141414141416,0.016414141414141416,0.010101010101010102,0.08585858585858586,0.2297979797979798,0.31565656565656564,0.21338383838383837,76647.21727272727,0.06818181818181818,18860.52267676768,0.008838383838383838,3380.8565909090908,792,0.2815656565656566,-0.18686868686868688,0.09716599190283401
Monte Vidon Corrado,0.04247104247104247,0.003861003861003861,0.007722007722007722,0.003861003861003861,0.001287001287001287,0.005148005148005148,0.003861003861003861,0.003861003861003861,0.002574002574002574,0.014157014157014158,0.029601029601029602,0.043758043758043756,0.04633204633204633,18348.97142857143,0.005148005148005148,2091.540025740026,0.005148005148005148,752.8957528957529,777,0.03861003861003861,-0.04504504504504504,0.09090909090909091
Montedinove,0.1603960396039604,0.03564356435643564,0.019801980198019802,0.023762376237623763,0.023762376237623763,0.047524752475247525,0.02574257425742574,0.02574257425742574,0.011881188118811881,0.047524752475247525,0.11485148514851486,0.16237623762376238,0.1504950495049505,63469.47398019802,0.06336633663366337,18808.66677227723,0.005940594059405941,1461.8851485148514,505,0.12475247524752475,-0.12673267326732673,0.2222222222222222
Montefalcone Appennino,0.21348314606741572,0.03146067415730337,0.056179775280898875,0.03146067415730337,0.01348314606741573,0.0449438202247191,0.015730337078651686,0.015730337078651686,0.006741573033707865,0.060674157303370786,0.1550561797752809,0.2157303370786517,0.2,77191.0922247191,0.0449438202247191,11267.044,0.008988764044943821,2251.6853932584268,445,0.18202247191011237,-0.18651685393258427,0.14736842105263157
Montefortino,0.41515650741350907,0.06342668863261944,0.004942339373970346,0.07660626029654036,0.023887973640856673,0.10049423393739704,0.05354200988467875,0.05354200988467875,0.023064250411861616,0.1886326194398682,0.22899505766062603,0.41762767710049425,0.3649093904448105,129078.38000823725,0.12767710049423395,40023.35965403624,0.01070840197693575,6449.435370675453,1214,0.3517298187808896,-0.34102141680395387,0.1527777777777778
Montegallo,1.4781849912739966,0.16928446771378708,0.031413612565445025,0.1343804537521815,0.08900523560209424,0.22338568935427575,0.12041884816753927,0.12041884816753927,0.07329842931937172,0.450261780104712,1.0279232111692844,1.4781849912739966,1.2547993019197208,483005.05966841185,0.2792321116928447,96644.26008726003,0.04013961605584642,27919.33542757417,573,1.3089005235602094,-1.1657940663176265,0.11452184179456906
Montegiorgio,0.044221105527638194,0.006891600861450108,0.0012921751615218953,0.008470926058865758,0.002871500358937545,0.011342426417803302,0.004881550610193826,0.004881550610193826,0.002440775305096913,0.018090452261306532,0.026848528356066045,0.04493898061737258,0.03244795405599426,14107.635796123473,0.01306532663316583,2649.3556439339554,0.001148600143575018,2001.199727207466,6965,0.03732950466618808,-0.029576453697056714,0.15584415584415584
Monteleone di Fermo,0.19036697247706422,0.016055045871559634,0.020642201834862386,0.02522935779816514,0.0,0.02522935779816514,0.006880733944954129,0.006880733944954129,0.0045871559633027525,0.02981651376146789,0.11697247706422019,0.14678899082568808,0.13073394495412843,35601.92616972477,0.03669724770642202,11116.639105504588,0.013761467889908258,2901.376146788991,436,0.1743119266055046,-0.13073394495412843,0.08433734939759036
Montelparo,0.13008130081300814,0.016260162601626018,0.008130081300813009,0.023228803716608595,0.0023228803716608595,0.025551684088269456,0.010452961672473868,0.010452961672473868,0.005807200929152149,0.04645760743321719,0.08362369337979095,0.13008130081300814,0.11033681765389082,52537.097351916374,0.0313588850174216,5239.892775842044,0.008130081300813009,6310.993832752613,861,0.11382113821138211,-0.10801393728222997,0.125
Montemonaco,0.6755905511811023,0.11496062992125984,0.009448818897637795,0.11338582677165354,0.06456692913385827,0.17795275590551182,0.09291338582677165,0.09291338582677165,0.04251968503937008,0.2692913385826772,0.4078740157480315,0.6771653543307087,0.5811023622047244,213044.98828346457,0.2204724409448819,62932.421165354324,0.01889763779527559,13447.273653543307,635,0.5606299212598426,-0.5165354330708661,0.17016317016317017
Muccia,0.751345532831001,0.07857911733046287,0.007534983853606028,0.04305705059203445,0.0688912809472551,0.11194833153928956,0.04413347685683531,0.04413347685683531,0.023681377825618945,0.13670613562970937,0.6157158234660925,0.7524219590958019,0.5586652314316469,297581.77963401505,0.15715823466092574,119005.40131324003,0.017222820236813777,18413.03085037675,929,0.6727664155005382,-0.4897739504843918,0.10458452722063037
Offida,0.0598274209012464,0.00977948226270374,0.0017257909875359539,0.01476510067114094,0.0032598274209012464,0.018024928092042185,0.008437200383509109,0.008437200383509109,0.004026845637583893,0.0224352828379674,0.037775647171620325,0.06021093000958773,0.06040268456375839,32566.33690316395,0.020709491850431447,5286.795441994247,0.0011505273250239693,2423.20230105465,5215,0.05004793863854266,-0.05714285714285714,0.16346153846153846
Ortezzano,0.056890012642225034,0.01643489254108723,0.041719342604298354,0.01643489254108723,0.0050568900126422255,0.021491782553729456,0.012642225031605562,0.012642225031605562,0.008849557522123894,0.029077117572692796,0.029077117572692796,0.05815423514538559,0.05562579013906448,19065.88333754741,0.025284450063211124,3691.7215170670042,0.007585335018963337,1670.4424778761063,791,0.040455120101137804,-0.05056890012642225,0.28888888888888886
Palmiano,0.38317757009345793,0.0514018691588785,0.014018691588785047,0.04672897196261682,0.004672897196261682,0.0514018691588785,0.04672897196261682,0.04672897196261682,0.037383177570093455,0.12149532710280374,0.27102803738317754,0.3925233644859813,0.3177570093457944,102017.23182242991,0.07009345794392523,15339.433551401868,0.02336448598130841,5639.742990654206,214,0.3317757009345794,-0.3130841121495327,0.13414634146341464
Penna San Giovanni,0.3223570190641248,0.030329289428076257,0.004332755632582322,0.049393414211438474,0.014731369150779897,0.06412478336221837,0.018197573656845753,0.018197573656845753,0.012131715771230503,0.11005199306759099,0.21403812824956672,0.3240901213171577,0.21663778162911612,70780.9866897747,0.07365684575389948,16490.614818024264,0.005199306759098787,1682.842287694974,1154,0.2920277296360485,-0.2019064124783362,0.09408602150537634
Petriolo,0.125948406676783,0.014162873039959535,0.008598887202832575,0.019726858877086494,0.0025290844714213456,0.02225594334850784,0.01112797167425392,0.01112797167425392,0.0065756196256954984,0.048052604957005564,0.07840161861406171,0.12645422357106728,0.09509357612544259,31537.635083459787,0.025290844714213456,4283.729317147192,0.0030349013657056147,572.5847243297926,1977,0.11178553363682348,-0.09256449165402124,0.11244979919678715
Pieve Torina,0.9291975724881996,0.10586648685097774,0.004045853000674309,0.07754551584625759,0.06810519217801753,0.14565070802427513,0.05124747134187458,0.05124747134187458,0.018880647336480108,0.1827376938637896,0.0007579231287929873,0.18349561699258263,0.7140930546190155,316460.55545515846,0.20633850303438975,107684.19475387727,0.014834794335805798,22383.429359406608,1483,0.8233310856372218,-0.6459878624409979,0.11393323657474601
Pioraco,0.312,0.0616,0.0048,0.0696,0.012,0.0816,0.048,0.048,0.032,0.1288,0.1896,0.3184,0.196,71833.230888,0.0952,24403.849791999997,0.0112,4225.37068,1250,0.2504,-0.184,0.19743589743589743
Poggio San Vicino,0.15151515151515152,0.006734006734006734,0.030303030303030304,0.02356902356902357,0.003367003367003367,0.026936026936026935,0.0,0.0,0.0,0.050505050505050504,0.10437710437710437,0.15488215488215487,0.13804713804713806,28319.661616161615,0.030303030303030304,3664.0923905723903,0.010101010101010102,1151.5151515151515,297,0.1447811447811448,-0.13468013468013468,0.044444444444444446
Pollenza,0.07002886222087194,0.007747227707732037,0.00045571927692541396,0.012000607625702568,0.0031900349384778974,0.015190642564180465,0.004557192769254139,0.004557192769254139,0.0033419413641197025,0.02217833814370348,0.04800243050281027,0.07018076864651375,0.05028102688743734,18087.297899134133,0.017773051800091144,5067.92587422148,0.0006076257025672186,91.4476682363664,6583,0.06228163451313991,-0.04709099194895944,0.11062906724511931
Ripe San Ginesio,0.20930232558139536,0.03255813953488372,0.00813953488372093,0.031395348837209305,0.015116279069767442,0.046511627906976744,0.020930232558139535,0.020930232558139535,0.009302325581395349,0.0755813953488372,0.13488372093023257,0.21046511627906977,0.16744186046511628,52353.487465116275,0.05813953488372093,13951.606651162792,0.005813953488372093,1886.046511627907,860,0.17674418604651163,-0.15232558139534882,0.15555555555555556
Roccafluvione,0.15623483745754488,0.03153808830664726,0.0019408054342552159,0.033478893740902474,0.012615235322658904,0.046094129063561376,0.023289665211062592,0.023289665211062592,0.016982047549733138,0.06501698204754973,0.09170305676855896,0.1567200388161087,0.13925278990781173,45981.862959728285,0.051916545366327026,15036.911591460455,0.003396409509946628,1032.0937360504608,2061,0.12469674915089762,-0.12663755458515283,0.20186335403726707
Rotella,0.1891025641025641,0.038461538461538464,0.00641025641025641,0.03205128205128205,0.023504273504273504,0.05555555555555555,0.03311965811965812,0.03311965811965812,0.011752136752136752,0.050213675213675216,0.13995726495726496,0.19017094017094016,0.16132478632478633,71541.98802350427,0.06623931623931624,24194.612232905984,0.009615384615384616,8610.058044871796,936,0.15064102564102563,-0.13782051282051283,0.2033898305084746
San Ginesio,0.43578485181119647,0.07601536772777168,0.0010976948408342481,0.05625686059275521,0.03979143798024149,0.09604829857299671,0.04665203073545554,0.04665203073545554,0.027442371020856202,0.12541163556531285,0.00031174533479692645,0.1257233809001098,0.30982436882546655,128118.14172063666,0.11443468715697036,38528.95995609221,0.0038419319429198683,9766.918479692646,3644,0.3597694840834248,-0.270032930845225,0.17443324937027707
San Severino Marche,0.14648947611000154,0.031033952988170226,0.00030726686126901216,0.0291135351052389,0.013366108465202028,0.04247964357044093,0.02227684744200338,0.02227684744200338,0.014134275618374558,0.05523121831310493,9.256414195728991e-05,0.055323782455062226,0.09832539560608389,58704.79280841911,0.049239514518359194,21870.180017667848,0.0014595175910278077,3003.5655538485175,13018,0.11545552312183131,-0.08495928714088186,0.2118510749868904
Santa Vittoria in Matenano,0.09774964838255977,0.011954992967651195,0.0028129395218002813,0.013361462728551337,0.005625879043600563,0.0189873417721519,0.011251758087201125,0.011251758087201125,0.006329113924050633,0.035161744022503515,0.06329113924050633,0.09845288326300984,0.0829817158931083,48725.60096343178,0.020393811533052038,5702.4419338959215,0.004219409282700422,4729.876230661041,1422,0.08579465541490858,-0.07735583684950774,0.1223021582733813
Sant'Angelo in Pontano,0.29602157788267025,0.03910991233985165,0.012137559002022926,0.04652730950775455,0.019554956169925825,0.06608226567768037,0.026298044504383007,0.026298044504383007,0.015509103169251517,0.10451786918408631,0.1935266351989211,0.2980445043830074,0.1901550910316925,73937.5064733648,0.07484828051247472,22716.530600134865,0.006743088334457181,7152.040418071477,1483,0.25691166554281863,-0.1706001348617667,0.13211845102505695
Sarnano,0.340956340956341,0.07692307692307693,0.009207009207009207,0.07128007128007129,0.02286902286902287,0.09414909414909414,0.047223047223047224,0.047223047223047224,0.026433026433026433,0.1288981288981289,0.21384021384021384,0.34273834273834275,0.25839025839025836,92854.17553014553,0.10781110781110781,28176.346836946836,0.003564003564003564,3510.7614998515,3367,0.26403326403326405,-0.23552123552123552,0.22560975609756098
Sefro,0.31322505800464034,0.08584686774941995,0.016241299303944315,0.10672853828306264,0.004640371229698376,0.11136890951276102,0.048723897911832945,0.048723897911832945,0.04408352668213457,0.1716937354988399,0.14385150812064965,0.31554524361948955,0.3109048723897912,73120.00802784222,0.12529002320185614,14056.57174013921,0.009280742459396751,1025.5220417633411,431,0.2273781902552204,-0.3062645011600928,0.2740740740740741
Serrapetrona,0.32837301587301587,0.06845238095238096,0.003968253968253968,0.05853174603174603,0.028769841269841268,0.0873015873015873,0.04265873015873016,0.04265873015873016,0.027777777777777776,0.11607142857142858,0.21626984126984128,0.3323412698412698,0.24503968253968253,82544.97484126984,0.11507936507936507,34853.89511904762,0.005952380952380952,1894.2415079365078,1008,0.25992063492063494,-0.21626984126984128,0.2084592145015106
Serravalle di Chienti,0.2783410138248848,0.054377880184331796,0.0064516129032258064,0.07004608294930875,0.010138248847926268,0.08018433179723503,0.03963133640552995,0.03963133640552995,0.02119815668202765,0.1327188940092166,0.14654377880184333,0.27926267281105993,0.22119815668202766,53602.01741935484,0.08571428571428572,12009.82206451613,0.011981566820276499,7976.74873732719,1085,0.223963133640553,-0.2110599078341014,0.19536423841059603
Servigliano,0.06945036216446528,0.008947592671495527,0.006817213463996591,0.012356199403493822,0.0034086067319982955,0.015764806135492117,0.007243289305496378,0.007243289305496378,0.0038346825734980826,0.023008095440988495,0.046868342564976566,0.06987643800596506,0.05198125266297401,17654.90621218577,0.016616957818491693,4600.665573072007,0.0034086067319982955,1727.61983809118,2347,0.060502769492969746,-0.04857264593097571,0.12883435582822086
Smerillo,0.2365038560411311,0.033419023136246784,0.03598971722365039,0.02570694087403599,0.015424164524421594,0.04113110539845758,0.033419023136246784,0.033419023136246784,0.02313624678663239,0.06683804627249357,0.17223650385604114,0.2390745501285347,0.2365038560411311,79981.48807197943,0.05141388174807198,11893.278046272493,0.010282776349614395,2927.366580976864,389,0.20308483290488433,-0.2210796915167095,0.14130434782608695
Tolentino,0.10400275373721479,0.02837332808811959,0.0003933910306845004,0.02660306845003934,0.010523210070810385,0.03712627852084972,0.013227773406766325,0.013227773406766325,0.008015342250196695,0.04263375295043273,6.146734854445319e-05,0.04269522029897718,0.08502163650668765,55234.91523111724,0.04337136113296617,24975.2281490952,0.0008359559402045634,3490.0327335759243,20336,0.0756294256490952,-0.07449842643587726,0.2728132387706856
Treia,0.086198050282196,0.010877373011800924,0.000513083632632119,0.010466906105695228,0.0047203694202154955,0.015187275525910723,0.007798871216008209,0.007798871216008209,0.005541303232426886,0.026885582349923037,0.060338635197537197,0.08722421754746024,0.056131349409953825,29694.24088866085,0.01857362750128271,6096.027406875321,0.0006157003591585428,2380.6278553104157,9745,0.07532067727039507,-0.05141097998973833,0.1261904761904762
Urbisaglia,0.07227138643067847,0.008480825958702065,0.0022123893805309734,0.015855457227138645,0.0029498525073746312,0.018805309734513276,0.004424778761061947,0.004424778761061947,0.00331858407079646,0.032448377581120944,0.04019174041297935,0.07264011799410029,0.05420353982300885,21935.338569321535,0.01991150442477876,5294.947676991151,0.0029498525073746312,1195.2389528023598,2712,0.0637905604719764,-0.05125368731563422,0.11734693877551021
Ussita,2.2404761904761905,0.1880952380952381,0.014285714285714285,0.09761904761904762,0.15,0.24761904761904763,0.05,0.05,0.014285714285714285,0.3047619047619048,1.9404761904761905,2.2452380952380953,1.5904761904761904,1348794.8761904761,0.39285714285714285,398466.6280476191,0.08095238095238096,146366.13933333335,420,2.052380952380952,-1.4404761904761905,0.08395324123273114
Venarotta,0.10904007455731593,0.024231127679403542,0.001863932898415657,0.02050326188257223,0.013979496738117428,0.034482758620689655,0.015843429636533086,0.015843429636533086,0.007455731593662628,0.05265610438024231,0.056383970177073625,0.10904007455731593,0.08946877912395154,33919.780214352286,0.04100652376514446,11629.94655638397,0.0027958993476234857,4346.909524697111,2146,0.08480894687791239,-0.0754892823858341,0.2222222222222222
Visso,0.976271186440678,0.10847457627118644,0.00847457627118644,0.0923728813559322,0.05423728813559322,0.14661016949152542,0.059322033898305086,0.059322033898305086,0.02711864406779661,0.2593220338983051,0.7228813559322034,0.9822033898305085,0.6610169491525424,406800.2045,0.19491525423728814,113370.25105084745,0.02711864406779661,49394.86560169491,1180,0.8677966101694915,-0.6067796610169491,0.1111111111111111
Arrone,0.028178936245156744,0.004226840436773511,0.0010567101091933778,0.007749207467418105,0.0003522367030644593,0.008101444170482565,0.0028178936245156746,0.0028178936245156746,0.0010567101091933778,0.010214864388869321,0.018316308559351884,0.028531172948221203,0.019020781965480803,5091.275237759774,0.009510390982740402,1118.552765058119,0.0010567101091933778,208.17189151109545,2839,0.023952095808383235,-0.018668545262416344,0.15
Cascia,0.3158866995073892,0.07604679802955665,0.010160098522167487,0.09421182266009852,0.012007389162561576,0.1062192118226601,0.060036945812807885,0.060036945812807885,0.03417487684729064,0.1690270935960591,0.14470443349753695,0.3137315270935961,0.22814039408866996,79219.18387315271,0.11514778325123153,30929.046915024628,0.005233990147783251,9800.637250615764,3248,0.23983990147783252,-0.21613300492610837,0.24074074074074073
Cerreto di Spoleto,0.16042780748663102,0.025846702317290554,0.016042780748663103,0.04723707664884135,0.006238859180035651,0.053475935828877004,0.017825311942959002,0.017825311942959002,0.0071301247771836,0.08912655971479501,0.07308377896613191,0.1622103386809269,0.1354723707664884,41017.15752228164,0.0570409982174688,9833.150748663102,0.012477718360071301,7225.516604278075,1122,0.13458110516934046,-0.12923351158645277,0.16111111111111112
Ferentillo,0.06724401426388181,0.01273560876209883,0.004075394803871625,0.01935812531839022,0.0015282730514518594,0.020886398369842078,0.003565970453387672,0.003565970453387672,0.0020376974019358125,0.023433520122261846,0.04533876719307183,0.06877228731533368,0.06164034640855833,22338.345216505346,0.022414671421293938,4283.66712175242,0.003056546102903719,1085.7615894039734,1963,0.054508405501782986,-0.06011207335710647,0.1893939393939394
Montefranco,0.02948021722265322,0.003878975950349108,0.0007757951900698216,0.01008533747090768,0.0007757951900698216,0.010861132660977503,0.0031031807602792862,0.0031031807602792862,0.0,0.019394879751745538,0.01008533747090768,0.02948021722265322,0.019394879751745538,4316.798510473235,0.010861132660977503,632.2263615205586,0.0023273855702094647,1125.0593483320404,1289,0.02560124127230411,-0.018619084561675717,0.13157894736842105
Monteleone di Spoleto,0.2268370607028754,0.06230031948881789,0.012779552715654952,0.07827476038338659,0.006389776357827476,0.08466453674121406,0.039936102236421724,0.039936102236421724,0.022364217252396165,0.12779552715654952,0.10223642172523961,0.23003194888178913,0.2108626198083067,57746.05471246006,0.09904153354632587,18374.029616613418,0.012779552715654952,8370.739440894567,626,0.1645367412140575,-0.20447284345047922,0.2746478873239437
Norcia,0.7267548321464903,0.12960325534079348,0.01200406917599186,0.148118006103764,0.03987792472024415,0.18799593082400815,0.091353001017294,0.091353001017294,0.04679552390640895,0.0002693794506612411,0.0004549338758901323,0.0007243133265513735,0.5123092573753815,237535.28882400814,0.22563580874872838,60806.72719430316,0.008341810783316379,17139.95820549339,4915,0.5971515768056969,-0.4724313326551373,0.17833146696528557
Poggiodomo,0.5777777777777777,0.044444444444444446,0.022222222222222223,0.11851851851851852,0.007407407407407408,0.1259259259259259,0.044444444444444446,0.044444444444444446,0.0,0.2,0.34814814814814815,0.5481481481481482,0.5333333333333333,113671.976,0.14074074074074075,15412.741481481482,0.007407407407407408,1481.4814814814815,135,0.5333333333333333,-0.5259259259259259,0.07692307692307693
Polino,0.024390243902439025,0.0,0.012195121951219513,0.0040650406504065045,0.0,0.0040650406504065045,0.0,0.0,0.0,0.02032520325203252,0.0,0.02032520325203252,0.04065040650406504,9631.54512195122,0.012195121951219513,8186.992276422765,0.028455284552845527,1444.5528455284552,246,0.024390243902439025,-0.04065040650406504,0.0
Preci,0.8612945838837517,0.10039630118890357,0.0488771466314399,0.12417437252311757,0.04227212681638045,0.166446499339498,0.06340819022457067,0.06340819022457067,0.026420079260237782,0.31175693527080584,0.5521796565389696,0.8639365918097754,0.5429326287978864,239870.22186261558,0.1955085865257596,59236.91220607662,0.03302509907529723,26962.85287978864,757,0.760898282694848,-0.5006605019815059,0.1165644171779141
Sant'Anatolia di Narco,0.12007168458781362,0.016129032258064516,0.016129032258064516,0.05555555555555555,0.007168458781362007,0.06272401433691756,0.010752688172043012,0.010752688172043012,0.0017921146953405018,0.07706093189964158,0.05197132616487455,0.12903225806451613,0.13440860215053763,28830.34139784946,0.05913978494623656,6334.177813620072,0.010752688172043012,2313.0241935483873,558,0.1039426523297491,-0.12724014336917563,0.13432835820895522
Scheggino,0.11850311850311851,0.010395010395010396,0.016632016632016633,0.037422037422037424,0.0,0.037422037422037424,0.002079002079002079,0.002079002079002079,0.0,0.05197505197505198,0.06860706860706861,0.12058212058212059,0.1288981288981289,60249.61765072765,0.037422037422037424,4426.19027027027,0.018711018711018712,3615.7370686070685,481,0.10810810810810811,-0.1288981288981289,0.08771929824561403
Sellano,0.20701754385964913,0.042105263157894736,0.0061403508771929825,0.056140350877192984,0.009649122807017544,0.06578947368421052,0.02017543859649123,0.02017543859649123,0.009649122807017544,0.09298245614035087,0.11403508771929824,0.20701754385964913,0.1412280701754386,29196.413728070173,0.07280701754385965,8997.408701754386,0.0035087719298245615,2186.077903508772,1140,0.1649122807017544,-0.13157894736842105,0.2033898305084746
Spoleto,0.04457571105154961,0.00504827083712821,0.0007286164094824221,0.01668011137422259,0.0009888365557261442,0.017668947929948737,0.0028884436233053163,0.0027843555648078273,0.0011189466288480054,2.6568476931484032e-05,0.017747013973821852,0.017773582450753337,0.03244945223659216,12517.111172551979,0.018579718441801764,4301.511822061464,0.0008066824533555387,1914.9734617086053,38429,0.0395274402144214,-0.031460615680866014,0.11325160537069469
Vallo di Nera,0.18453865336658354,0.014962593516209476,0.02743142144638404,0.03740648379052369,0.004987531172069825,0.04239401496259352,0.007481296758104738,0.007481296758104738,0.0024937655860349127,0.04987531172069826,0.13466334164588528,0.18453865336658354,0.17206982543640897,31964.310822942643,0.03740648379052369,6174.075012468828,0.029925187032418952,6500.601620947631,401,0.16957605985037408,-0.16708229426433915,0.08108108108108109
Barete,0.13107511045655376,0.014727540500736377,0.0029455081001472753,0.01914580265095729,0.0029455081001472753,0.022091310751104567,0.0029455081001472753,0.0029455081001472753,0.0029455081001472753,0.07658321060382917,0.054491899852724596,0.13107511045655376,0.039764359351988215,11822.56175257732,0.023564064801178203,4938.205346097202,0.0014727540500736377,294.5508100147275,679,0.11634756995581738,-0.036818851251840944,0.11235955056179775
Cagnano Amiterno,0.18655097613882862,0.01735357917570499,0.0036153289949385392,0.01735357917570499,0.005061460592913955,0.022415039768618944,0.0036153289949385392,0.0036153289949385392,0.0014461315979754157,0.09255242227042661,0.09399855386840203,0.18655097613882862,0.06073752711496746,21262.26838756327,0.022415039768618944,4136.106992046276,0.0028922631959508315,1641.359363702097,1383,0.16919739696312364,-0.05567606652205351,0.09302325581395349
Campli,0.07036833424958769,0.012781748213304012,0.002748763056624519,0.01910390324354041,0.0030236393622869707,0.022127542605827378,0.003710830126443101,0.003710830126443101,0.0013743815283122594,0.031335898845519516,0.03889499725123694,0.07023089609675646,0.05250137438152831,18097.937354315556,0.024189114898295765,3933.3837919186362,0.0013743815283122594,2294.185129191864,7276,0.05758658603628367,-0.04947773501924134,0.181640625
Campotosto,0.7952218430034129,0.051194539249146756,0.011945392491467578,0.05631399317406143,0.042662116040955635,0.09897610921501707,0.0034129692832764505,0.0034129692832764505,0.0017064846416382253,0.21160409556313994,0.5836177474402731,0.7952218430034129,0.3037542662116041,129378.60414675769,0.11092150170648464,24863.14585324232,0.020477815699658702,24516.111774744026,586,0.7440273037542662,-0.26109215017064846,0.06437768240343347
Capitignano,0.611764705882353,0.13823529411764707,0.016176470588235296,0.18235294117647058,0.014705882352941176,0.19705882352941176,0.022058823529411766,0.022058823529411766,0.011764705882352941,0.37058823529411766,0.2411764705882353,0.611764705882353,0.3911764705882353,97640.00777941177,0.22058823529411764,27471.448132352944,0.008823529411764706,1519.5821911764706,680,0.47352941176470587,-0.3764705882352941,0.22596153846153846
Castel Castagna,0.19959266802443992,0.048879837067209775,0.002036659877800407,0.04684317718940937,0.06924643584521385,0.11608961303462322,0.04073319755600815,0.04073319755600815,0.020366598778004074,0.06313645621181263,0.1384928716904277,0.20162932790224034,0.20162932790224034,48782.84112016293,0.12627291242362526,20769.554806517313,0.004073319755600814,407.33197556008145,491,0.15071283095723015,-0.13238289205702647,0.24489795918367346
Castelli,0.1323529411764706,0.028594771241830064,0.006535947712418301,0.015522875816993464,0.02696078431372549,0.042483660130718956,0.008986928104575163,0.008986928104575163,0.0024509803921568627,0.049019607843137254,0.08415032679738563,0.13316993464052287,0.09477124183006536,43406.69339869281,0.056372549019607844,13981.67549019608,0.005718954248366013,10349.56875,1224,0.10375816993464053,-0.06781045751633986,0.21604938271604937
Civitella del Tronto,0.10556909806862928,0.013125820363772736,0.002812675792237015,0.019126195387211702,0.003375210950684418,0.02250140633789612,0.0035627226701668855,0.0035627226701668855,0.0018751171948246765,0.041252578286142885,0.06431651978248641,0.10556909806862928,0.07612975810988187,32166.72974685918,0.02793924620288768,5645.529062441402,0.0015000937558597412,2115.5966454153386,5333,0.09244327770485655,-0.07275454715919745,0.12433392539964476
Colledara,0.11578006258381761,0.015645954403218598,0.002682163611980331,0.039785426911041574,0.000894054537326777,0.04067948144836835,0.006258381761287439,0.006258381761287439,0.002235136343316942,0.06392489941886455,0.05185516316495306,0.11578006258381761,0.07286544479213232,10882.383929369693,0.04336164506034868,2914.3459231113097,0.004023245417970496,1081.4328162717925,2237,0.10013410818059902,-0.07197139025480555,0.13513513513513514
Cortino,0.4670571010248902,0.024890190336749635,0.020497803806734993,0.07906295754026355,0.004392386530014641,0.08345534407027819,0.005856515373352855,0.005856515373352855,0.0029282576866764276,0.19912152269399708,0.2679355783308931,0.4670571010248902,0.28550512445095166,88396.787715959,0.10102489019033675,8964.846120058566,0.013177159590043924,5289.495431918009,683,0.44216691068814057,-0.28111273792093705,0.05329153605015674
Crognaleto,0.3283898305084746,0.022598870056497175,0.0049435028248587575,0.11087570621468927,0.0035310734463276836,0.11440677966101695,0.007062146892655367,0.007062146892655367,0.0035310734463276836,0.1963276836158192,0.13135593220338984,0.327683615819209,0.23940677966101695,43293.00435734463,0.1228813559322034,7485.679957627119,0.006355932203389831,2320.775324858757,1416,0.3057909604519774,-0.23587570621468926,0.06881720430107527
Fano Adriano,0.16666666666666666,0.00847457627118644,0.005649717514124294,0.022598870056497175,0.002824858757062147,0.025423728813559324,0.002824858757062147,0.002824858757062147,0.002824858757062147,0.06779661016949153,0.09887005649717515,0.16666666666666666,0.059322033898305086,18201.235677966102,0.022598870056497175,2491.6401694915253,0.002824858757062147,564.9717514124294,354,0.15819209039548024,-0.05649717514124294,0.05084745762711865
Farindola,0.0637101811367895,0.009369144284821987,0.0012492192379762648,0.014366021236727046,0.004996876951905059,0.019362898188632106,0.0018738288569643974,0.0018738288569643974,0.0,0.026858213616489695,0.03685196752029981,0.0637101811367895,0.04934415990006246,15088.851642723299,0.024359775140537165,4316.523304184884,0.0012492192379762648,382.0737039350406,1601,0.05434103685196752,-0.0443472829481574,0.14705882352941177
Isola del Gran Sasso d'Italia,0.06425619834710744,0.009917355371900827,0.002066115702479339,0.016322314049586777,0.0049586776859504135,0.02128099173553719,0.0026859504132231405,0.0026859504132231405,0.0008264462809917355,0.03429752066115702,0.03016528925619835,0.06446280991735537,0.04132231404958678,11415.400861570248,0.02665289256198347,2340.781859504132,0.001859504132231405,1437.5455805785125,4840,0.05433884297520661,-0.03636363636363636,0.15434083601286175
Montereale,0.37304409672830724,0.07076813655761025,0.004267425320056899,0.10170697012802275,0.010668563300142247,0.112375533428165,0.013869132290184922,0.01422475106685633,0.008534850640113799,0.21906116642958748,0.15398293029871976,0.37304409672830724,0.21657183499288762,58726.931888335705,0.11699857752489332,14007.02758179232,0.0021337126600284497,3094.755981507824,2812,0.302275960170697,-0.2059032716927454,0.18970448045757865
Montorio al Vomano,0.10071942446043165,0.02011949762224119,0.002682599682965492,0.03621509572003414,0.0031703450798683088,0.03938544079990245,0.007681990001219364,0.007681990001219364,0.004023899524448238,0.06352883794659188,0.037190586513839774,0.10071942446043165,0.06182172905743202,15024.988503840996,0.03999512254603097,6651.095770028045,0.0015851725399341544,1168.3658419704914,8201,0.08059992683819046,-0.05865138397756371,0.19975786924939468
Pietracamela,0.05592105263157895,0.003289473684210526,0.006578947368421052,0.019736842105263157,0.0,0.019736842105263157,0.0,0.0,0.0,0.04276315789473684,0.013157894736842105,0.05592105263157895,0.04276315789473684,28443.80592105263,0.019736842105263157,16793.217532894738,0.006578947368421052,1218.7923355263158,304,0.05263157894736842,-0.04276315789473684,0.058823529411764705
Pizzoli,0.04797243572753777,0.0074211502782931356,0.0013252054068380599,0.011661807580174927,0.0,0.011661807580174927,0.0023853697323085077,0.0023853697323085077,0.0013252054068380599,0.029949642194540153,0.018022793532997614,0.04797243572753777,0.019613040021203287,8118.955353829844,0.010601643254704479,1779.615279618341,0.0010601643254704478,2090.970951497482,3773,0.040551285449244634,-0.019613040021203287,0.15469613259668508
Rocca Santa Maria,0.27768014059753954,0.04745166959578207,0.015817223198594025,0.06678383128295255,0.01757469244288225,0.0843585237258348,0.026362038664323375,0.026362038664323375,0.005272407732864675,0.08963093145869948,0.18804920913884007,0.27768014059753954,0.21968365553602812,65751.51667838314,0.09490333919156414,13671.6727943761,0.007029876977152899,1536.2176801405976,569,0.23022847100175747,-0.20210896309314588,0.17088607594936708
Teramo,0.025527682616863744,0.004972925185103326,0.0009577485541680481,0.0077356613990496184,0.001583968762662541,0.00931963016171216,0.001878660625483479,0.001878660625483479,0.0008104026227575791,0.013740008104026228,0.011787674512837513,0.025527682616863744,0.019062879876229417,13145.065036468119,0.01024054223302759,4160.3144535307765,0.0013629498655468376,3881.981799830552,54294,0.020554757431760416,-0.017478911113566878,0.19480519480519481
Torricella Sicura,0.13408239700374533,0.025842696629213482,0.00299625468164794,0.040074906367041196,0.010486891385767791,0.05056179775280899,0.010861423220973783,0.010861423220973783,0.003745318352059925,0.0647940074906367,0.06891385767790262,0.13370786516853933,0.10262172284644194,32473.95607865169,0.05318352059925094,9514.473348314606,0.00149812734082397,2050.6068352059924,2670,0.10823970037453183,-0.09213483146067415,0.19273743016759776
Tossicia,0.20944992947813823,0.022566995768688293,0.004231311706629055,0.036671368124118475,0.009873060648801129,0.0465444287729196,0.009167842031029619,0.009167842031029619,0.007757404795486601,0.07898448519040903,0.1304654442877292,0.20944992947813823,0.09590973201692525,24042.24507757405,0.04936530324400564,5428.417771509168,0.004936530324400564,1569.863497884344,1418,0.18688293370944992,-0.08603667136812412,0.10774410774410774
Valle Castellana,0.5714285714285714,0.043731778425655975,0.013605442176870748,0.10204081632653061,0.012633624878522837,0.11467444120505345,0.023323615160349854,0.023323615160349854,0.009718172983479106,0.2594752186588921,0.3129251700680272,0.5724003887269193,0.31681243926141883,96120.83730806608,0.12342079689018465,14526.085160349856,0.007774538386783284,2660.439484936832,1029,0.5276967930029155,-0.304178814382896,0.07653061224489796
Accumoli,2.4578866768759573,0.10260336906584992,0.08269525267993874,0.05819295558958652,0.0995405819295559,0.15773353751914243,0.05359877488514548,0.05359877488514548,0.018376722817764167,0.35834609494640124,0.0020995405819295558,0.3604456355283308,1.2496171516079633,690199.5874425728,0.22052067381316998,98190.33241960184,0.08728943338437979,87566.8402143951,653,2.355283307810107,-1.1500765696784074,0.041744548286604365
Amatrice,1.6375661375661377,0.164021164021164,0.04421768707482993,0.10695389266817838,0.1379440665154951,0.24489795918367346,0.07067271352985639,0.07067271352985639,0.03779289493575208,0.3204837490551776,0.00131708238851096,0.3218008314436886,0.899848828420257,512245.643106576,0.3197278911564626,156100.27986016628,0.036281179138321996,56877.203284202566,2646,1.4735449735449735,-0.7619047619047619,0.10016155088852989
Antrodoco,0.09319526627218935,0.021449704142011833,0.004437869822485207,0.041789940828402365,0.0025887573964497044,0.04437869822485207,0.015162721893491124,0.015162721893491124,0.009985207100591717,0.0632396449704142,0.03069526627218935,0.09393491124260354,0.07544378698224852,25071.93790310651,0.04659763313609468,8968.15175295858,0.004437869822485207,2567.5741863905323,2704,0.07174556213017752,-0.07285502958579881,0.23015873015873015
Borbona,0.46307692307692305,0.08153846153846153,0.038461538461538464,0.09692307692307692,0.02923076923076923,0.12615384615384614,0.04153846153846154,0.04153846153846154,0.02,0.25076923076923074,0.2153846153846154,0.46615384615384614,0.2969230769230769,101667.25024615384,0.13846153846153847,32946.336907692305,0.027692307692307693,7635.172661538462,650,0.38153846153846155,-0.2676923076923077,0.1760797342192691
Borgo Velino,0.05757575757575758,0.014141414141414142,0.012121212121212121,0.02727272727272727,0.0030303030303030303,0.030303030303030304,0.011111111111111112,0.011111111111111112,0.007070707070707071,0.045454545454545456,0.013131313131313131,0.05858585858585859,0.05454545454545454,10073.941272727272,0.030303030303030304,2658.440777777778,0.00909090909090909,3618.5627777777777,990,0.043434343434343436,-0.051515151515151514,0.24561403508771928
Cantalice,0.03558327219369039,0.005135730007336757,0.0011005135730007337,0.01173881144534116,0.0007336757153338225,0.012472487160674981,0.0025678650036683784,0.0025678650036683784,0.001467351430667645,0.022377109317681585,0.013573000733675716,0.0359501100513573,0.02971386647101981,9792.192461482024,0.013206162876008804,1116.666698459281,0.001834189288334556,389.8246991929567,2726,0.03044754218635363,-0.028980190755685985,0.14432989690721648
Castel Sant'Angelo,0.07680372381691233,0.01008533747090768,0.0023273855702094647,0.027152831652443754,0.0023273855702094647,0.02948021722265322,0.004654771140418929,0.004654771140418929,0.004654771140418929,0.04266873545384019,0.03491078355314197,0.07757951900698215,0.05663304887509697,10328.012412723041,0.032583397982932506,4353.000418929402,0.0015515903801396431,436.0744763382467,1289,0.06671838634600466,-0.05430566330488751,0.13131313131313133
Cittaducale,0.02043478260869565,0.005072463768115942,0.0007246376811594203,0.009565217391304347,0.0013043478260869566,0.010869565217391304,0.004347826086956522,0.004347826086956522,0.002173913043478261,0.014927536231884059,0.0055072463768115944,0.02043478260869565,0.019130434782608695,10318.320885507246,0.011739130434782608,3506.36154057971,0.0011594202898550724,2163.2862391304348,6900,0.01536231884057971,-0.017826086956521738,0.24822695035460993
Cittareale,1.023404255319149,0.12978723404255318,0.03404255319148936,0.18723404255319148,0.03404255319148936,0.22127659574468084,0.07659574468085106,0.07659574468085106,0.05319148936170213,0.4319148936170213,0.5957446808510638,1.0276595744680852,0.6042553191489362,149416.74125531915,0.28085106382978725,51514.531127659575,0.027659574468085105,13612.448425531915,470,0.8936170212765957,-0.5702127659574469,0.12681912681912683
Leonessa,0.5120967741935484,0.06774193548387097,0.015725806451612902,0.1310483870967742,0.0125,0.1435483870967742,0.05,0.05,0.027822580645161292,0.2600806451612903,0.2532258064516129,0.5133064516129032,0.2875,85338.63370161291,0.1536290322580645,23756.11910483871,0.007258064516129033,3786.876528225806,2480,0.4443548387096774,-0.275,0.13228346456692913
Micigliano,0.21374045801526717,0.022900763358778626,0.03816793893129771,0.07633587786259542,0.0,0.07633587786259542,0.015267175572519083,0.015267175572519083,0.015267175572519083,0.1984732824427481,0.05343511450381679,0.25190839694656486,0.1984732824427481,85996.33740458015,0.0916030534351145,6395.976793893129,0.04580152671755725,26509.857328244274,131,0.19083969465648856,-0.1984732824427481,0.10714285714285714
Poggio Bustone,0.02112676056338028,0.004694835680751174,0.0028169014084507044,0.006572769953051643,0.0,0.006572769953051643,0.0028169014084507044,0.0028169014084507044,0.002347417840375587,0.015023474178403756,0.006572769953051643,0.0215962441314554,0.016901408450704224,5609.244117370892,0.007042253521126761,1479.4222253521127,0.002347417840375587,1927.8132535211269,2130,0.01643192488262911,-0.016901408450704224,0.2222222222222222
Posta,0.45918367346938777,0.10787172011661808,0.029154518950437316,0.1457725947521866,0.01749271137026239,0.16326530612244897,0.052478134110787174,0.052478134110787174,0.03206997084548105,0.260932944606414,0.19825072886297376,0.45918367346938777,0.30029154518950435,74609.05256559767,0.17638483965014579,15021.686588921282,0.01749271137026239,11669.190699708455,686,0.35131195335276966,-0.282798833819242,0.23492063492063492
Rieti,0.010154372442462164,0.002598133673977526,0.0005412778487453179,0.004157013878364041,0.0005412778487453179,0.00469829172710936,0.0015155779764868902,0.0015155779764868902,0.0010392534695910104,0.006906705349990257,0.003247667092471908,0.010154372442462164,0.008422283326477147,7032.722772425142,0.00517461623400524,1982.8052454153767,0.0006928356463940069,2141.9538898391324,46187,0.007556238768484639,-0.00788100547773183,0.255863539445629
Rivodutri,0.01927525057825752,0.0038550501156515036,0.006168080185042405,0.009252120277563608,0.0007710100231303007,0.010023130300693909,0.0007710100231303007,0.0007710100231303007,0.0,0.014649190439475714,0.004626060138781804,0.01927525057825752,0.02467232074016962,6065.769275250578,0.010023130300693909,350.3495759444873,0.006168080185042405,2292.903037779491,1297,0.015420200462606014,-0.023901310717039322,0.2
