Comune,Cratere Centro Italia 2016,media_prima,media_dopo,varPhones,Variaz
Abbateggio,0.0,1633.760637614089,1760.015596745027,0.0772787373034756,-14.463096845388526
Acciano,0.0,2560.4562283069804,2732.586008137432,0.0672262145814018,-14.871586116777296
Accumoli,1.0,6171.785672965677,2520.8186030741413,-0.5915576566250342,-50.16438518109532
Acquacanina,1.0,2203.589214551999,1719.5429475587703,-0.21966265935442858,-34.79672555953368
Acqualagna,0.0,20774.803091657024,22628.154837251357,0.08921151923401972,-9.51481030465117
Acquapendente,0.0,32899.568839182415,37150.08928571428,0.12919684349995564,0.907304831866745
Acquasanta Terme,1.0,15586.08522946394,15172.258024412296,-0.026551067760706534,-20.57999062358616
Acquasparta,0.0,19690.49897159018,22873.044981916817,0.1616285100199073,-2.083872370210554
Acquaviva Picena,0.0,15769.157282427048,18471.370705244124,0.17136067415779974,6.301957873698223
Agugliano,0.0,15227.520761023268,16725.154950271248,0.09835049400039962,13.572743375301194
Alanno,0.0,10287.221525903073,11489.050180831826,0.11682733300751484,1.969178210092833
Alba Adriatica,0.0,41403.77715644685,48446.68297920434,0.17010297867620672,-12.922289744553227
Allerona,0.0,10032.070831726443,11327.327192585895,0.1291115645598515,-2.9897338373176425
Allumiere,0.0,6161.558812186657,6828.233386075949,0.10819901168040595,0.8708811073490178
Altidona,0.0,12407.766229592493,14755.64150090416,0.18922626586177854,-1.481096906492943
Alviano,0.0,4335.276417277285,4354.979204339964,0.004544759126351854,-4.842707323476504
Amandola,1.0,23203.31083686849,24829.737793851717,0.07009460711955565,-16.145167255089472
Amatrice,1.0,17202.975125337445,10522.783227848102,-0.3883160818880919,-33.68508737060501
Amelia,0.0,49614.24427947037,52668.116297468354,0.061552323578606495,0.2978835452073617
Ancarano,0.0,9892.4363350045,10697.191003616637,0.0813505026829946,0.3397722476153324
Ancona,0.0,328139.80839439516,352240.02735081373,0.07344497174647041,3.356372754548226
Anghiari,0.0,45284.15503278056,47978.455357142855,0.05949763934894952,-2.2868052113461457
Antrodoco,1.0,9796.916248875175,10260.919077757686,0.04736213080680206,2.9156675272790604
Apecchio,0.0,12824.888353258773,14199.33216546112,0.10717004112188662,-7.175973370469582
Apiro,1.0,12705.998200282813,12979.425406871609,0.02151953764503998,-17.092140750298995
Appignano,0.0,16821.387806916056,19894.94439421338,0.18271718258785055,19.40205461231244
Appignano del Tronto,1.0,9669.917695076487,9977.339850813743,0.03179160003541529,-9.717832842610468
Arcevia,0.0,29040.048560226252,27995.806849005425,-0.035958676482760396,-10.029301485665773
Arezzo,0.0,441723.35939709475,535664.4778481013,0.21266957350688026,-7.0146354412985295
Ari,0.0,3664.8485023781973,4217.724909584087,0.15085928022594022,-5.074913994951223
Arielli,0.0,4467.114346317007,5336.055944846293,0.19451966776845545,-6.0113338339571865
Arlena di Castro,0.0,155.02368556369714,163.6346066907776,0.05554584188712462,4.881760570136548
Arquata del Tronto,1.0,6515.78564082787,2956.4285714285716,-0.5462667536354159,-46.61731643010449
Arrone,1.0,9357.236823499165,11310.786505424954,0.2087742053316178,6.761855025423763
Arsita,0.0,3723.609011441059,3761.0297242314646,0.010049581649262236,-12.604837237379254
Ascoli Piceno,1.0,163485.6315079059,189117.98044755877,0.1567865548992502,-1.401044759392251
Ascrea,0.0,1167.7008612932254,1056.3492314647378,-0.09535972227096415,-21.07662934420279
Assisi,0.0,149879.49048720914,172698.6047694394,0.15224974549921938,2.7601987344654866
Atri,0.0,30478.75215323306,36110.661505424956,0.1847814938051683,5.017346448931945
Attigliano,0.0,4355.234091785576,4688.045660036167,0.0764164591929301,34.03760773197384
Avigliano Umbro,0.0,10802.08336547114,12797.030515370705,0.18468170281636717,-0.5448795460894347
Badia Tedalda,0.0,8296.851009127138,9946.941342676311,0.1988815192334964,9.12539014616458
Bagnoregio,0.0,10109.463234348888,12847.327079566003,0.2708218806231654,0.2526231460030534
Barbara,0.0,5205.772946394138,5669.379859855335,0.08905630695674538,-0.4937667335976648
Barbarano Romano,0.0,8495.460052706005,9308.721745027126,0.09572897609730714,-4.49367106288295
Barchi,0.0,4744.7842910399795,4929.239376130199,0.03887533632214713,-12.162380643411224
Barete,0.0,4398.592589021725,4705.52712477396,0.06978016934741833,-11.998734976986428
Barisciano,0.0,11354.50729528217,12869.65359403255,0.1334400744433823,-3.083669153509152
Baschi,0.0,12197.549299395809,12488.682753164558,0.02386819242314273,16.47833021897084
Basciano,0.0,5610.35264815529,6104.24095840868,0.0880315982304219,-1.2212649015891606
Bassano Romano,0.0,13620.783134078929,16533.56713381555,0.21384849689361068,14.074622764839551
Bassano in Teverina,0.0,3447.1988044735826,4136.8655063291135,0.20006583344149453,8.35420847969261
Bastia Umbra,0.0,80266.75295667823,87162.52418625678,0.0859106787750633,2.5081582520045598
Belforte all'Isauro,0.0,2942.5672001542616,3541.6325723327304,0.20358596131536547,-0.7513917655308601
Belforte del Chienti,1.0,8726.60753310194,10476.66794755877,0.2005430412469526,-6.873327735800534
Bellante,0.0,13701.078384111068,17854.70015822785,0.303160208099654,0.6559762611009029
Belmonte Piceno,1.0,4532.252860264815,4389.291139240507,-0.03154319174856354,-2.532186433487486
Belmonte in Sabina,0.0,2726.1285190898575,3459.170320976492,0.26889480695919904,45.323453930491226
Belvedere Ostrense,0.0,11126.12630158118,11911.121383363472,0.07055421271559113,15.656116324943012
Bettona,0.0,26289.52918112868,26970.693716094032,0.02591010779509546,-11.448556246573595
Bevagna,0.0,29836.981038693917,30736.77633363472,0.030157048857386355,-15.297310522640192
Bibbiena,0.0,12096.241708445816,14061.426084990959,0.16246239318887085,-1.669642503631055
Bisenti,0.0,6264.71738012598,5856.535827305605,-0.06515562124402904,-18.419524427315697
Blera,0.0,12872.177850623473,13729.31476039783,0.06658833646653206,2.3147849580744317
Bolognano,0.0,4484.803027381411,4925.333973779385,0.09822749041783252,-9.37663575831064
Bolognola,1.0,2710.9400308522945,2360.829679023508,-0.12914721382409738,-26.816235936366105
Bolsena,0.0,25029.0487851909,23143.183431283906,-0.07534706452858948,-4.255153244228256
Bomarzo,0.0,9107.757455971205,9968.464059674503,0.09450258286566514,-8.053358015187815
Borbona,1.0,3514.722972104383,3601.8329566003617,0.02478431022511651,0.2666812587819144
Borgo Pace,0.0,5029.988880318807,5734.7549728752265,0.14011285299536302,-6.429467080101131
Borgo Velino,1.0,4824.362096670523,4984.102848101265,0.033111269061040345,-12.059364784680431
Borgorose,0.0,10465.48508805759,11781.039896021699,0.12570414050518489,10.240479752553115
Bracciano,0.0,7145.730845867078,7090.283453887884,-0.0077595130820331685,17.26506130216488
Brittoli,0.0,1969.7514140635044,2208.1551763110306,0.12103241076279288,-8.573536909626279
Bucchianico,0.0,24920.219758323692,28401.171338155516,0.13968382356135278,-7.765820961328615
Bussi sul Tirino,0.0,4387.002153233064,4616.9258589511755,0.052410210363964864,3.670243074493081
Cagli,0.0,63536.24816814501,67402.90811482821,0.060857542869864036,-9.119328050822242
Cagnano Amiterno,0.0,6513.076745082915,6403.036053345389,-0.016895347014082483,-9.057811314004706
Calascio,0.0,2726.677111453914,2658.2778028933094,-0.02508522489636958,-18.46848669560141
Calcata,0.0,2638.500546342718,2897.6057866184447,0.09820170044492814,-8.022091213547629
Caldarola,1.0,9661.471333076232,10880.596745027126,0.1261842394312339,-1.758307687065613
Calvi dell'Umbria,0.0,6616.59869520504,8865.68738698011,0.3399161405096177,27.59203903425397
Camerano,0.0,27193.434663838536,31480.59866636528,0.15765437707755825,-9.88814765861416
Camerata Picena,0.0,13406.722715001928,15980.382798372513,0.1919678759739468,10.778958585227167
Camerino,1.0,42146.3666602391,38765.51186708861,-0.08021699285267202,-20.48458686729633
Campagnano di Roma,0.0,1231.5747204010797,1915.7067133815551,0.5554936957115181,24.92942368523877
Campello sul Clitunno,0.0,14945.460856151176,19942.388223327307,0.33434414738167956,6.658811634530139
Campli,1.0,16619.198354544285,20622.133589511755,0.24086211317605002,-0.5520425706148748
Campofilone,0.0,5523.472875690963,5555.0611437613015,0.005718914310118228,-3.2687663394138458
Camporotondo di Fiastrone,1.0,2063.0797338989587,2340.5684900542497,0.13450219668964147,-5.574537598214105
Campotosto,1.0,1984.7694433731842,1123.5028254972876,-0.43393786656254857,-38.63314916190806
Canale Monterano,0.0,874.3542871834426,1023.7785940325497,0.17089675093885295,-5.153003517903457
Canepina,0.0,11664.653972232934,12983.524412296565,0.11306554341029995,-5.420981615920663
Cannara,0.0,23556.37662295925,22539.07753164557,-0.04318572026574622,-13.021048113190185
Canosa Sannita,0.0,3407.3909242833265,3900.9120705244122,0.14483842834819066,48.56252239117431
Cantalice,1.0,9156.075588121867,9807.808205244122,0.07118034477213638,-5.337383706033927
Cantalupo in Sabina,0.0,3562.059904872092,3923.7761075949365,0.10154691734074958,7.184740567466746
Cantiano,0.0,13584.313664995501,13765.751130198914,0.013356395448299087,-0.5902025243322541
Canzano,0.0,4178.502763851395,4797.23643761302,0.148075449204999,0.420870297749456
Capena,0.0,2982.5447679650338,3013.7216320072334,0.010453108492138876,17.205950952672197
Capestrano,0.0,3075.0452500321376,3593.2171112115734,0.1685086946847434,3.1903684906120624
Capitignano,1.0,1442.214294896516,1502.1765370705243,0.04157651355016608,19.685273827600813
Capodimonte,0.0,8962.297596092043,9727.681962025317,0.08540046318781197,-11.044978770020284
Capolona,0.0,17569.681321506618,20446.530402350814,0.16373940017470412,8.109537780704848
Caporciano,0.0,1068.2015040493636,1297.5698462929477,0.2147238525447578,18.6391746782379
Cappelle sul Tavo,0.0,11817.679232549172,12685.55266726944,0.07343856755985588,-5.646528155326797
Capranica,0.0,21273.894877233575,23535.496609403253,0.10630877632990228,-2.045949067033111
Caprarola,0.0,14560.831565753953,15487.236437613019,0.06362307452535228,-8.451149712935822
Caprese Michelangelo,0.0,12736.621384496722,13504.485420433997,0.0602878905446569,-11.30838491284482
Caramanico Terme,0.0,7030.195430003857,7208.905402350813,0.025420342026943963,-13.078941036948406
Carapelle Calvisio,0.0,734.065850366371,759.2704566003616,0.03433562019185476,-10.284704638798486
Carassai,0.0,6089.140602905258,5386.995140144665,-0.11531109372406086,-20.900440391062496
Carbognano,0.0,5338.992094099499,5640.864150090416,0.05654101947903938,-24.805622186471915
Carpegna,0.0,2206.428364828384,2165.358273056058,-0.018613834206904132,-2.4932813990836538
Carpineto della Nora,0.0,3050.995661396066,3363.8270795660037,0.10253420617018935,-16.489997782554592
Carsoli,0.0,290.3470561768865,285.0852169981917,-0.018122584909175586,-2.2914077067326124
Cartoceto,0.0,5645.232870548914,6944.089963833635,0.23008033912309203,-0.4096373540722972
Casacanditella,0.0,4445.562347345417,5352.982481916817,0.2041181888075979,3.5263566297863966
Casalincontrada,0.0,6440.485345160047,7905.65133363472,0.2274931018321048,-2.346586040552209
Casaprota,0.0,2033.666152461756,1992.7693264014467,-0.02010990152479232,-1.4936047046684582
Cascia,1.0,24193.91653811544,22284.454792043398,-0.07892321787023818,-21.933631361285094
Casoli,0.0,1596.2533101941124,1582.141274864376,-0.008840724238197619,-4.658113393068305
Casperia,0.0,5875.551516904487,6536.9590867992765,0.11256944441587505,-6.297783583308614
Castel Castagna,0.0,2840.833204782106,2533.226943942134,-0.10828029618992209,-6.949418652466642
Castel Focognano,0.0,6934.53657282427,8601.030515370705,0.240317997467524,-22.09661407179097
Castel Frentano,0.0,11949.818324977505,13948.637658227848,0.16726775913173608,-12.012148937605652
Castel Giorgio,0.0,4872.165059776321,5456.381103074141,0.11990891854649953,15.117337247654634
Castel Ritaldi,0.0,8861.370516775934,8531.478752260398,-0.03722807480976,-20.00376721225329
Castel Sant'Angelo,1.0,5888.115856793932,7022.495366184448,0.19265577257309335,-11.801967200649807
Castel Sant'Elia,0.0,10442.810386939194,12993.939986437614,0.24429530988028977,8.078371420589537
Castel Viscardo,0.0,4138.999903586579,5120.208634719711,0.2370642072938639,16.202858972570148
Castel del Monte,0.0,5238.1528795475,5131.346179927667,-0.02039014554860773,-6.22636484194136
Castel di Lama,1.0,7940.86723871963,10507.462929475587,0.3232135248705895,7.921119342043606
Castel di Tora,0.0,1461.0052063247203,1231.9761528028932,-0.15676128499087877,-33.35239675237109
Castelbellino,0.0,12696.90901786862,13694.693037974683,0.07858479718976176,-13.622561744990229
Casteldelci,0.0,1805.8948450957705,1718.4564873417721,-0.048418299654297614,-8.620396946680895
Castelfidardo,0.0,55152.1607533102,64664.92382459313,0.17248214650795846,0.3113416549496321
Castellalto,0.0,15628.84650983417,23063.811369801086,0.4757206397342631,12.346692861319038
Castelleone di Suasa,0.0,7033.5155225607405,7407.923033453888,0.053231916485034544,-15.13131849680872
Castelli,1.0,8693.861646741227,8425.353978300182,-0.030884741367110606,-11.244559701842888
Castelnuovo di Farfa,0.0,2442.4641663452885,2739.6352848101264,0.12166856839070907,101.2061107706826
Castelplanio,0.0,14069.129226121611,16927.12872965642,0.20313975780593937,1.5847261098397174
Castelraimondo,1.0,19576.399055148475,24774.40981012658,0.26552435615635145,-1.2626169054241476
Castelsantangelo sul Nera,1.0,5345.061158246562,2110.155741410488,-0.6052139201148596,-64.82964724103327
Castelvecchio Calvisio,0.0,858.6596927625659,862.0108499095841,0.0039027768221383406,-23.827004946797587
Castiglion Fiorentino,0.0,72331.49363671424,82088.65879294756,0.1348951150551211,-4.514498541038256
Castiglione Messer Raimondo,0.0,6903.435820799588,7243.015709764919,0.049189982753544144,-1.2457743218783175
Castiglione a Casauria,0.0,4254.715901786863,4121.966659132007,-0.031200495102176894,11.356721438335722
Castiglione del Lago,0.0,100432.13742126238,101964.74977396021,0.015260178584762111,1.7655703568600047
Castiglione in Teverina,0.0,4686.708895744954,5026.829452983725,0.07257129998997057,-0.1538619422993777
Castignano,1.0,12163.5920105412,11872.732481916817,-0.023912305540363332,-12.971291503711877
Castilenti,0.0,6030.612225221751,6400.9442811934905,0.06140869983695926,8.564518297063552
Castorano,1.0,6570.76802930968,8146.185465641953,0.23976153614081927,-4.292447134818516
Catignano,0.0,3050.1289368813473,3794.5528933092223,0.24406311071853348,23.042166418621083
Celano,0.0,4.684053220208253,4.425406871609403,-0.055218490576277125,-25.534274701085103
Celleno,0.0,3412.9925440287952,4090.6143761301987,0.19854184366354316,7.880778227349324
Cellino Attanasio,0.0,8746.721686592107,10229.622287522603,0.169537874196185,-3.768199334515073
Cepagatti,0.0,38618.57754852809,46565.09335443038,0.20576925175239036,-5.228267201345501
Cermignano,0.0,5024.768832754853,7063.892631103075,0.40581444962320035,29.88482295430152
Cerreto d'Esi,1.0,9685.035640827871,11126.625565099457,0.14884714705586355,8.10877255882442
Cerreto di Spoleto,1.0,7105.543964519861,7260.112002712477,0.02175316048488631,-16.034098580750744
Cessapalombo,1.0,4903.589471654454,4913.009945750452,0.0019211384130856284,-8.297196477307107
Cetona,0.0,14832.020889574495,14282.081826401447,-0.03707782420665296,-10.13772769939021
Chianciano Terme,0.0,5929.132793418177,5694.5804701627485,-0.03955929668429775,-7.176232623335875
Chiaravalle,0.0,49307.44250546343,51961.20603526221,0.05382074986965171,2.8922416533056423
Chieti,0.0,144647.31626815785,164434.72389240508,0.1367976132205859,0.3710584789540379
Chitignano,0.0,4541.910656896774,3798.4064195298374,-0.16369856070108826,-8.451936634228616
Chiusi,0.0,40335.07028538373,41143.673372513564,0.020047147095783042,0.9348307374731272
Chiusi della Verna,0.0,17583.106665381154,16386.025881555153,-0.06808130136541211,6.014824950061913
Cingoli,1.0,48917.26076616532,50958.8909358047,0.041736396062706835,8.128401230116198
Citerna,0.0,13141.703785833653,15031.630198915009,0.14381136904931893,3.575089734951458
Cittaducale,1.0,22375.170973132794,22745.537974683546,0.016552588670516715,-1.9457769795635051
Cittareale,1.0,4428.818871320222,3745.2107820976494,-0.15435449249221386,-8.286051913475308
Città Sant'Angelo,0.0,69524.76754724258,73756.99943490054,0.06087372941998166,-2.592204416608584
Città della Pieve,0.0,41644.50208895745,44382.61064647378,0.06574958086105617,-0.9146373495635748
Città di Castello,0.0,181693.8085550842,248016.6329113924,0.36502523054439184,45.45683445653765
Civita Castellana,0.0,48721.85602262502,59865.260962929475,0.2287147052675863,3.4707709812703844
Civitanova Marche,0.0,137056.58982517035,161543.6421790235,0.17866380876022733,4.264599498759668
Civitaquana,0.0,3603.331983545443,4402.2972423146475,0.22172957207874996,16.26426960014365
Civitella Casanova,0.0,6592.737466255303,6475.429136528029,-0.017793569109601712,1.4150237705858877
Civitella San Paolo,0.0,10627.704685692248,12049.553119349006,0.1337869724185081,9.989540592007089
Civitella d'Agliano,0.0,7460.908021596606,6909.14681283906,-0.07395362697950422,-15.956564899917172
Civitella del Tronto,1.0,19494.367142306208,22722.77271699819,0.16560709825177014,-16.72063339272832
Collalto Sabino,0.0,424.55035994343746,313.6749547920434,-0.2611596069925977,-4.4385769970317845
Collazzone,0.0,19099.882214937654,19781.66263562387,0.03569553010923853,-3.2328964799472204
Colle di Tora,0.0,1261.3451279084716,1234.0467902350813,-0.02164224292732287,-13.521989938271602
Collecorvino,0.0,19277.492222650726,24121.609629294755,0.25128358765214664,1.5569512860735266
Colledara,0.0,7561.996754081501,8141.701288426763,0.07666024638695765,-15.95939077396814
Collegiove,0.0,476.54033294767964,370.9353526220615,-0.22160764372742559,-14.342787702931089
Collepietro,0.0,1427.3464455585552,1604.757685352622,0.12429444886776705,4.379404817700908
Collevecchio,0.0,5947.783230492351,6639.6476039783,0.11632306469055312,-13.1189059097047
Colli del Tronto,1.0,7698.428975446715,8737.260284810127,0.13494068889596159,19.348363788634764
Colli sul Velino,0.0,2449.2099241547758,2662.531758589512,0.08709822393372572,-6.451560474884591
Colmurano,1.0,2848.3897351844707,3240.1642179023506,0.13754244297348844,7.838293455407552
Colonnella,0.0,17115.45860650469,18606.30730108499,0.08710538986163702,-12.91359312835728
Comunanza,1.0,15670.120741740584,14499.802441229656,-0.07468470216655987,-14.797180462118789
Concerviano,0.0,2456.756138321121,1975.389918625678,-0.19593569430313715,-22.113907861261517
Configni,0.0,6277.2625016068905,5112.5122061482825,-0.18555067518053425,81.2131154503894
Contigliano,0.0,17664.25906286155,17853.51955244123,0.01071431804222078,-3.5005750679960377
Controguerra,0.0,8835.51095899216,11466.986098553345,0.2978294239885534,1.8144709513847253
Corchiano,0.0,10004.472843553156,10794.067246835442,0.07892413879568856,-6.384223578927601
Corciano,0.0,65877.35743668853,77010.64477848102,0.16900021152931244,5.681000361828917
Corfinio,0.0,208.62164159917725,211.15969710669077,0.012165830390644996,-9.137606792589477
Corinaldo,0.0,37236.50334233192,38295.76943942134,0.028446980838966317,-13.57553037730427
Corridonia,1.0,56127.95754595706,69719.19518535263,0.24214737598935757,-3.273965486253899
Corropoli,0.0,11183.457835197327,15102.76797016275,0.35045602109128604,19.331666085389
Cortino,1.0,3407.8186463555726,3959.3209764918624,0.16183441296856674,-6.763869971613319
Cortona,0.0,150334.04116853065,164521.52181283906,0.09437304108923447,-2.4818700430372838
Corvara,0.0,1570.8207674508292,1845.8564647377939,0.17509043869677132,-1.4708508339751951
Cossignano,1.0,3391.977599948579,3207.3728526220616,-0.054423928781049756,-13.456538539209916
Costacciaro,0.0,10849.047692505465,11199.27938517179,0.03228225210110069,20.477242862047618
Cottanello,0.0,5955.781334361744,7287.195298372513,0.2235498399394228,-15.462343481261504
Crecchio,0.0,5805.8005849080855,7509.299163652803,0.2934132087093871,-8.862124973219053
Crognaleto,1.0,8300.866885203754,7841.2872965641955,-0.05536525220742378,-20.225108692781603
Cugnoli,0.0,2799.021114539144,2781.1867088607596,-0.006371658143536672,11.245522372521886
Cupra Marittima,0.0,27531.41955906929,29266.983725135622,0.06303939985160005,-13.281242450850412
Cupramontana,0.0,15783.956485409435,15919.551763110307,0.008590702706651195,-7.822752831783926
Deruta,0.0,35785.17788276128,39941.232142857145,0.1161389856356688,1.24915043873043
Elice,0.0,4504.2849659339245,5162.336347197107,0.14609452693158842,0.4335207440830305
Esanatoglia,1.0,9039.326552256074,11067.683431283906,0.22439247739330595,2.4518997464320944
Fabriano,1.0,121770.53136649955,141340.41602622063,0.16071117075789468,4.068180115412315
Fabrica di Roma,0.0,16682.2513819257,19703.858725135622,0.1811270717622483,22.164500739305755
Fabro,0.0,7673.874566139607,11637.172581374321,0.5164663536100093,20.47196016823625
Fagnano Alto,0.0,2808.9559712045248,3081.5721066907777,0.09705247724810397,-18.32936645543561
Falconara Marittima,0.0,114346.31128679779,116358.77983725135,0.017599768001313,-7.385165530081113
Faleria,0.0,7447.636457128165,9232.72366636528,0.2396850624373053,-13.490031775024894
Falerone,1.0,16500.720561768863,16700.08442585895,0.012082130798093744,2.747953695111949
Fano,0.0,1722.5169366242449,1805.1781193490053,0.047988603750252955,-18.665181202303152
Fano Adriano,0.0,3152.2013112225222,2901.151785714286,-0.07964260550696606,-26.63648280719916
Fara Filiorum Petri,0.0,7941.299877876333,8660.988132911392,0.09062600154919709,3.264022853129669
Fara in Sabina,0.0,30642.70176115182,32591.10002260398,0.06358441486782664,-17.088984844132625
Farindola,0.0,8514.871448772335,8593.021473779385,0.009178062813657274,45.63060837000389
Ferentillo,1.0,12015.346895487852,12609.012093128391,0.049408910354763004,-14.618975623678132
Fermignano,0.0,24854.48846252732,29759.824254068717,0.1973621705768392,4.700857047618688
Fermo,0.0,173383.96487337706,179866.94439421338,0.03739088286261572,-8.557714547941151
Fiamignano,0.0,2663.1755045635687,3896.7696654611213,0.4632042307327055,26.601908562777695
Fiano Romano,0.0,22037.444915798944,27341.843693490053,0.2406993550276926,25.52082229378258
Fiastra,1.0,8453.31887132022,7074.616184448463,-0.16309602274076218,-30.981870033183352
Ficulle,0.0,10347.942312636585,12329.152689873417,0.19145935659280197,-2.3257464797994056
Filacciano,0.0,1910.6211273942665,2067.3271925858953,0.08201838812771156,-8.973029276869035
Filetto,0.0,3830.094035223037,4094.049841772152,0.06891627310496157,3.174809194983387
Filottrano,0.0,26848.250385653682,32933.66726943942,0.22665971884102631,17.83438700476417
Fiordimonte,1.0,1989.7777992029824,1369.9441681735987,-0.31150896913095616,-41.73906037140313
Fiuminata,1.0,8155.965291168531,8876.646699819168,0.08836249087903894,-8.293641897750744
Foiano della Chiana,0.0,2336.444015940352,1780.57154159132,-0.2379138856127521,-28.40822881749405
Folignano,1.0,13313.941477053606,16468.30413652803,0.23692177593772093,3.218812772416808
Foligno,0.0,218173.50298881604,240928.22547468354,0.10429645293376415,-2.0929829573007908
Fontecchio,0.0,1465.9320285383726,1549.4182866184449,0.05695097484384278,-15.64220448432135
Forano,0.0,8458.39224193341,9199.679814647377,0.0876392997050849,-11.547641435439774
Force,1.0,9035.08429746754,8329.797016274864,-0.07806095194821389,-22.107217672328428
Fossa,0.0,2799.2816557398123,2880.6722423146475,0.0290755260043044,-9.250594694888589
Fossato di Vico,0.0,18099.90361871706,19807.121496383363,0.09432193196326598,4.846333373387813
Fossombrone,0.0,43420.41020696748,46989.80097197107,0.08220536719919856,-9.152947638244878
Francavilla al Mare,0.0,90190.67489394524,102324.35533453888,0.13453364724082148,1.3218425842887933
Francavilla d'Ete,0.0,4580.941766293868,5336.474005424955,0.16492945723305663,2.990244373423545
Frasso Sabino,0.0,803.0135300167117,738.24773960217,-0.08065342362686448,-28.543411035921608
Fratta Todina,0.0,7411.1269443373185,8202.81329113924,0.10682401647523151,-12.838853245400124
Fratte Rosa,0.0,4708.974707545957,5219.626130198915,0.10844216721628554,-7.258445418966497
Frisa,0.0,6046.693662424476,7712.866523508137,0.27555106213460695,-5.575292616107777
Frontino,0.0,1287.432221365214,888.305266726944,-0.3100178386206843,124.5625575245938
Frontone,0.0,6668.172547885333,6821.9946880651,0.023068110351845614,-3.016125527025732
Gagliole,1.0,6064.32346702661,6739.9222423146475,0.11140546492307891,7.811513201900936
Gallese,0.0,9914.192537601233,9161.425971971066,-0.07592817698215704,8.053051516348681
Genga,0.0,15658.036090757168,16587.303684448463,0.05934764668474835,-7.418559608084554
Giano dell'Umbria,0.0,19127.662103098086,21528.5678119349,0.12552008164384823,-6.978804914444421
Giove,0.0,3489.378229849595,4421.618557866184,0.2671651700127597,-0.8635603407710697
Giuliano Teatino,0.0,2649.801645455714,3251.4128616636526,0.22704009458205054,17.624369343109148
Giulianova,0.0,62052.15898573081,75042.9189647378,0.20935226414916952,12.331947210440132
Gradoli,0.0,7233.937652654582,9877.092224231465,0.3653825479967946,8.347328605824442
Graffignano,0.0,6177.719822599306,5706.355786618445,-0.07630064967603738,-9.082792795630652
Greccio,0.0,4604.756202596735,4566.9488019891505,-0.008210510816243511,-6.076853869794422
Grottammare,0.0,66498.24913227922,71102.39342224231,0.06923707541238366,-4.023188028500402
Grottazzolina,0.0,10248.61077902044,11244.686369801086,0.09719127911654869,2.1399578349498043
Grotte di Castro,0.0,6838.637581951408,8429.912409584087,0.23268886654154414,-4.88525797851647
Gualdo,1.0,5410.19883661139,5760.400542495479,0.06472991408638018,-12.430838368676582
Gualdo Cattaneo,0.0,27710.323627715647,29404.2446880651,0.06112960220555517,-7.244435471374389
Gualdo Tadino,0.0,84234.5149119424,93308.90766274865,0.10772772610244735,-3.489710218303007
Guardea,0.0,9097.609975575268,13853.366975587704,0.5227479538890341,33.296221558198
Guardiagrele,0.0,21770.090949993573,24961.081713381554,0.14657682279406936,-0.5355487087941935
Gubbio,0.0,192822.657121738,210434.1528028933,0.09133519859150335,-5.3065891029394265
Isola del Gran Sasso d'Italia,0.0,17400.01552256074,18805.847988245932,0.08079489721502824,-0.4214419233580657
Isola del Piano,0.0,4620.119616917342,4638.689421338156,0.0040193341213109295,-10.72504035827548
Jesi,0.0,181059.3527124309,198909.46745027124,0.09858709020235448,-6.004888682191661
L'Aquila,0.0,200441.99713973518,226897.44202079566,0.1319855382533305,-3.1225569203779004
Labro,0.0,1604.8664674122638,2687.724231464738,0.6747338710357051,123.4728368125792
Lanciano,0.0,71020.97393623859,79964.06939421338,0.12592189267924922,-5.910710628401451
Lapedona,0.0,4387.556916056049,5115.3241410488245,0.1658707200650884,-8.902781380381322
Latera,0.0,208.12440545057206,225.29012206148283,0.08247815326486303,2.372686918740747
Leonessa,1.0,13203.526031623602,12448.112115732369,-0.05721304400672597,-12.974258382887896
Lettomanoppello,0.0,2771.89130993701,2956.2067133815553,0.06649445553070175,-2.234925394404962
Lisciano Niccone,0.0,7333.82597377555,7513.5113019891505,0.024500898829086397,-8.618826966416805
Longone Sabino,0.0,2459.1364249903586,2342.5452079566003,-0.04741144730683879,-22.15133010266249
Loreto,0.0,54990.45433217638,60771.83273056058,0.10513421772188127,0.4948801306657962
Loreto Aprutino,0.0,21870.623569867592,27258.90438517179,0.24637069894650562,0.5442990985113232
Loro Piceno,1.0,10560.865181899988,11763.400090415913,0.1138670826493383,3.144349271677637
Lubriano,0.0,2403.8539336675667,2850.130424954792,0.1856504195354083,-4.506658811986783
Lucoli,0.0,10500.39339889446,10966.264466546112,0.044367010830346845,-19.784825878402163
Lugnano in Teverina,0.0,4490.235120195398,6450.535149186257,0.43656957297718385,29.65440744210567
Lunano,0.0,4476.174733256203,4944.934222423147,0.10472323291676866,-2.631816712962677
Macerata,1.0,151548.2412585165,182652.5545886076,0.20524364434577785,5.760771410715078
Magione,0.0,55437.932478467665,58019.70219258589,0.04657045453708072,-1.2428889088556416
Magliano Romano,0.0,4102.481842139092,5173.516952983725,0.26107004297822317,8.555876142395578
Magliano Sabina,0.0,12237.510926854351,13561.17167721519,0.10816421397068252,3.519982620885989
Magliano de' Marsi,0.0,865.2176693662424,834.8071880650995,-0.035147781162881336,12.235221587143863
Magliano di Tenna,0.0,8556.205039208126,9225.60691681736,0.07823583873244666,-2.325379392432713
Maiolati Spontini,0.0,24842.591657025325,26837.310126582277,0.08029429848124797,-6.029751648808903
Maltignano,1.0,7183.109750610618,8044.786279385172,0.11995870294217695,4.378297923147448
Manoppello,0.0,20803.903200925568,25353.64986437613,0.21869678105636173,-1.128597670573357
Manziana,0.0,8.68276770793161,9.393987341772151,0.08191162746307835,-9.278855720063705
Marcetelli,0.0,214.39558426532975,180.95569620253164,-0.15597283954045374,-55.9317527242123
Marciano della Chiana,0.0,264.6427240005142,283.03447106690777,0.06949651510675141,-7.024234108881499
Mare,0.0,143096.62283069803,164998.20727848102,0.15305451669320955,-4.601000286519391
Marsciano,0.0,68308.76311222522,72403.78514918625,0.05994870717001969,0.8307288167682463
Marta,0.0,5846.382825555984,6981.134267631103,0.19409461814830883,-3.5754957763063726
Martinsicuro,0.0,75650.20600334233,80431.50870253165,0.06320277170134961,-5.8078659027868245
Massa Fermana,1.0,3249.984123923384,3801.4014466546114,0.1696676973503354,-2.137484699429924
Massa Martana,0.0,19547.688488237563,21146.223214285714,0.08177615102727041,-14.507420473226649
Massa d'Albe,0.0,597.1353323049235,653.2067133815551,0.09390062527400254,-11.380604272634894
Massignano,0.0,6610.33555084201,6155.610759493671,-0.06878997107649354,-9.721701752081565
Matelica,1.0,35695.41901272657,46712.635171790236,0.3086450996733131,2.375282901462642
Mazzano Romano,0.0,11773.323081372928,12541.469484629295,0.06524465505169769,-6.382061521437743
Mercatello sul Metauro,0.0,6493.55241676308,8425.962477396022,0.29758904473373204,-3.1562194996562662
Mergo,0.0,3981.6364249903586,4138.868557866184,0.03948932451214616,-9.018100228271676
Micigliano,1.0,3480.3321763722847,3829.778141952984,0.10040592330613199,9.268160422545304
Miglianico,0.0,15316.53377683507,18852.03085443038,0.2308287977624836,-4.7810545600418735
Mogliano,1.0,15963.97959249261,16535.778820072333,0.03581808810684176,5.763844402067585
Molina Aterno,0.0,381.0466640956421,405.32244575045206,0.06370815950436137,-11.84447366389237
Mompeo,0.0,1346.4315786090758,1715.670773056058,0.27423539399486063,-3.138320330576467
Mondavio,0.0,17286.990422933537,18620.309674502714,0.07712847748213873,3.597819081682375
Mondolfo,0.0,42096.62119166988,45385.47163200723,0.0781262331093725,-14.773137493139163
Monsampietro Morico,1.0,3159.4352101812574,2910.0847649186258,-0.07892247464328485,-3.3351433925568337
Monsampolo del Tronto,0.0,10765.88131507906,13918.655063291139,0.29284864433682706,14.404923292303089
Monsano,0.0,13927.390281527189,16678.03933092224,0.1974992438492529,-10.51257840683154
Montalto delle Marche,1.0,6695.405386296439,6432.0625,-0.039331880760413114,-8.882861013192613
Montappone,1.0,3655.572888546086,4699.256216094032,0.28550472371050056,-3.160072923550339
Montasola,0.0,2234.5480781591464,2832.469258589512,0.2675803605545788,-20.46519515521163
Monte Castello di Vibio,0.0,5369.783037665509,5605.967676311031,0.043984018905203676,-9.473203876822213
Monte Cavallo,1.0,3547.5073274199767,2966.4552441229657,-0.1637916513394765,-26.0638558695311
Monte Giberto,0.0,5264.953110939709,7494.100022603979,0.4233934974715098,131.99344483483483
Monte Porzio,0.0,13864.627522817842,15836.65438517179,0.14223439173598185,-2.9350588776878905
Monte Rinaldo,1.0,1677.0957706646097,1537.9876808318263,-0.08294582352781012,-6.571134677329142
Monte Roberto,0.0,13543.630061704589,14152.486098553345,0.04495515855607518,-9.580076034785966
Monte Romano,0.0,7778.228564082788,8256.114828209766,0.06143895877959849,16.94361025491885
Monte San Giovanni in Sabina,0.0,4299.7110168402105,4033.4333182640144,-0.061929208156849436,-8.083839020499948
Monte San Giusto,0.0,18978.333333333336,25181.37330470163,0.32684850995178494,6.620556403246653
Monte San Martino,1.0,4152.684149633629,3701.659810126582,-0.10861031642554338,-30.67330617980899
Monte San Pietrangeli,0.0,15739.716512405192,17278.13178119349,0.09774097694680857,-0.9988204519367556
Monte San Vito,0.0,23896.39944080216,27232.592224231466,0.13961068870203466,6.218354470627283
Monte Santa Maria Tiberina,0.0,14483.218408535802,14672.289669981918,0.013054505988440022,-8.75122229882858
Monte Urano,0.0,21014.574013369325,24553.439308318266,0.16840052492606034,9.058057696416476
Monte Vidon Combatte,0.0,3711.3187427689936,3295.5589963833636,-0.11202480174888833,6.084170972220572
Monte Vidon Corrado,1.0,2728.9863092942537,2755.8461799276674,0.009842435098313111,-4.3883329698601
Montebello di Bertona,0.0,3849.06440416506,3623.4285714285716,-0.05862095539173844,15.030611449966887
Montebuono,0.0,4103.835486566397,4544.8313743218805,0.10745944597415057,-7.37378022869496
Montecarotto,0.0,7948.311736727085,8832.939534358047,0.11129757197913195,-15.619121121275704
Montecassiano,0.0,35325.05116338861,38903.32753164557,0.1012957165074267,-6.226557669980088
Montecastrilli,0.0,22972.649633629,25987.545320976493,0.13123848295383714,-3.082356055826814
Montecchio,0.0,7440.189773749838,7067.571880650995,-0.05008177270067736,-9.175522052277316
Montecosaro,0.0,17712.52770278956,21651.83442585895,0.22240229001583914,7.239596065920637
Montedinove,1.0,2721.3477632086388,2604.9323010849907,-0.042778605401900906,-16.158517149836978
Montefalco,0.0,23618.470143977374,22040.6542721519,-0.066804321457197,-11.565450281722187
Montefalcone Appennino,1.0,4257.540975703818,3806.0639692585896,-0.10604172902190193,-26.828241117125856
Montefano,0.0,18266.043064661266,19169.541026220613,0.04946325585464738,-7.252535296036945
Montefelcino,0.0,7147.9149633629,9229.784923146473,0.29125555780312606,9.104389046834587
Montefiascone,0.0,25621.24810386939,29906.507120253165,0.16725410873862162,-3.3429917067549506
Montefino,0.0,3537.771757295282,3663.3794077757684,0.03550473549387955,9.596913727327204
Montefiore dell'Aso,0.0,11303.976185885074,11764.602848101265,0.04074908285735433,0.537003396996325
Montefortino,1.0,9875.050167116595,9760.520230560578,-0.011597909338971818,-19.807012290853525
Montefranco,1.0,2926.425825941638,3397.6065777576855,0.16100895079561278,-2.9139592556151404
Montegabbione,0.0,3686.0391438488236,4167.341546112116,0.13057441429141586,5.267875891991562
Montegallo,1.0,5336.302288211853,4385.291026220615,-0.17821540284403814,-27.834360786023847
Montegiorgio,1.0,30021.21214166345,30751.24310578662,0.024317171494552398,-0.4799599863924165
Montegranaro,0.0,31583.920844581568,39619.82617540687,0.25443026438574423,-4.986367288914824
Monteleone Sabino,0.0,2403.9596670523206,2018.4132007233272,-0.16037975662118387,-20.64839911585852
Monteleone d'Orvieto,0.0,4409.229946008484,4735.347197106691,0.07396240502118268,-5.130383882904266
Monteleone di Fermo,1.0,2248.678396966191,2133.1500904159134,-0.05137609126593776,-7.385353616834651
Monteleone di Spoleto,1.0,6084.733095513562,5084.546790235081,-0.16437636451399082,-15.895690851262623
Montelibretti,0.0,1567.3868106440416,1770.314534358047,0.1294688218223695,1.0697174258597275
Montelparo,1.0,4056.556209024296,3688.3135171790236,-0.09077716981366421,-12.493361433107598
Montelupone,0.0,18397.69498007456,21544.88777124774,0.1710645162114991,17.440021091816938
Montemaggiore al Metauro,0.0,10129.921808715773,11133.301537070525,0.09905108324641214,-6.773035381743751
Montemarciano,0.0,53903.73727342846,55803.47581374322,0.035243169331252086,1.3734373687960033
Montemonaco,1.0,7649.568710631187,7976.432866184448,0.04272974959999945,-16.34050620527691
Montenero Sabino,0.0,1942.4286219308397,2034.183883363472,0.04723739158117661,-14.309988901817317
Monteprandone,0.0,35438.86473197069,39424.47095388788,0.11246427480284475,0.2378982683453738
Montepulciano,0.0,36318.08686849209,37428.33544303798,0.030570128282530327,-2.6579429406607478
Monterchi,0.0,10331.396966191027,10960.524751356239,0.06089474513698399,12.437235793334834
Montereale,1.0,7191.925568839182,6802.202644665461,-0.05418895404900928,12.566205685089887
Monterosi,0.0,3986.447036894202,6906.687386980108,0.7325421165913781,58.92277376389583
Monterubbiano,0.0,12091.693019668337,12500.607481916817,0.03381780050017315,-5.120266513634845
Montesilvano,0.0,166675.17113382183,198437.8844936709,0.19056655615698812,-4.465775408963263
Montone,0.0,10226.527477824913,9027.178006329113,-0.11727827203285333,-19.287217390292064
Montopoli di Sabina,0.0,18086.536090757167,20097.38325045208,0.11117923020774133,-5.161991165048159
Montorio Romano,0.0,76.58751124823242,58.1751808318264,-0.24040904471655564,-40.31231040904042
Montorio al Vomano,1.0,17787.843328191284,23016.146473779387,0.29392563500387714,-9.49530332890894
Montottone,0.0,6365.237787633372,6148.658679927667,-0.034025297236575026,39.63605147184058
Moresco,0.0,1785.326873634143,1985.8946654611211,0.11234233617887009,-2.1857678688913365
Morlupo,0.0,2291.547756781077,2522.8244801084993,0.10092598884009081,25.399867733929504
Morro Reatino,0.0,2087.1934053220207,2697.799841772152,0.2925490445174746,12.906078498806153
Morro d'Alba,0.0,8397.484284612417,8127.926084990959,-0.032099875449055404,11.51877341427778
Morro d'Oro,0.0,13202.70519989716,14368.629859855335,0.0883095276540187,6.572028341433491
Morrovalle,0.0,31709.209120709602,37719.61912296564,0.18954777394087002,-1.1918158677242143
Mosciano Sant'Angelo,0.0,21984.24842524746,28607.602848101265,0.30127727337939464,14.48218813315623
Moscufo,0.0,14407.255495564983,16280.205131103074,0.13000044568617838,-0.3718662273250772
Muccia,1.0,6828.101876847924,5210.489715189873,-0.23690510054381234,-27.784281504126128
Narni,0.0,89919.83095513562,96319.27723779385,0.07116835312836782,-1.3627639252972898
Navelli,0.0,3206.7949607918754,3461.3122739602168,0.07936812807810192,9.178506243504504
Nazzano,0.0,8197.7783455457,8790.67099909584,0.07232357701794809,17.62852057126135
Nepi,0.0,41860.17977889189,52906.10951627487,0.2638767868587348,29.217179553619367
Nereto,0.0,6016.87588378969,8708.599570524413,0.447362341973283,16.126022898428076
Nerola,0.0,8765.481038693919,6566.152915913201,-0.25090786382083424,-36.97968979817582
Nespolo,0.0,306.94404807815914,265.5010171790235,-0.13501819357182235,0.4792452445152586
Nocciano,0.0,2742.069803316622,3405.3981690777578,0.24190790655978886,9.960029673123016
Nocera Umbra,0.0,36567.17650083559,37909.67382459313,0.036713179748150984,-13.60472204160113
None,0.0,15364.285062347344,20507.732481916817,0.3347664664315764,27.93141485830836
Norcia,1.0,35122.788501092684,28902.48575949367,-0.1771016199754612,-30.123006467122664
Notaresco,0.0,15509.154036508548,17941.634267631103,0.1568415804883037,0.2280514688134796
Numana,0.0,45814.956453271625,40239.79871157324,-0.12168859632955661,-15.488376452975473
Ocre,0.0,9161.887196297725,10444.996722423146,0.14004860555846177,6.644665553958051
Ofena,0.0,3472.307590949994,3613.6797016274863,0.04071416686872899,-8.81878031043553
Offagna,0.0,7201.1366178172,7844.8835895117545,0.08939518937910194,10.607034818609575
Offida,1.0,22800.05116338861,26244.946089511755,0.15109154367402552,-3.254333147205888
Onano,0.0,109.64365599691477,117.36923598553345,0.07046080248214329,-8.081001705607058
Orciano di Pesaro,0.0,7961.4026224450445,9232.990619349006,0.1597190918744719,-2.4467288847226047
Oriolo Romano,0.0,6223.650597763209,7185.327079566004,0.15451967726922577,12.168285961270763
Orsogna,0.0,7552.571474482581,9764.096066907776,0.29281743309509084,11.99286807430934
Orte,0.0,37261.289947294,42282.37861663653,0.1347534848215092,5.992088908912949
Ortezzano,1.0,3257.5565946779793,2853.6957504520797,-0.12397661636507122,-9.70625909073518
Ortona,0.0,60855.342331919266,78672.67111211573,0.2927816703916738,4.321081588956536
Orvieto,0.0,76597.90647898188,82375.49095840869,0.07542744632338154,-1.5099790867386125
Orvinio,0.0,30.741901272657152,23.821880650994576,-0.22510060650729719,-48.4337101991345
Osimo,0.0,100212.04306466127,116803.26751808319,0.16556118352677957,1.078607286943813
Ostra,0.0,33074.82549170845,36378.08860759494,0.09987242764786732,-3.961561726796946
Ostra Vetere,0.0,19559.41910913999,19970.480899638336,0.021016053094657504,-2.171912920038225
Otricoli,0.0,7010.475703817971,11400.697784810127,0.6262374004949762,54.00459710940411
Ovindoli,0.0,1050.5668466383854,906.5245253164557,-0.13710914425182735,-11.58444529079608
Paciano,0.0,6749.156061190385,6502.3844936708865,-0.036563322181643876,-12.288389484941066
Paganico Sabino,0.0,757.2791489908728,746.564082278481,-0.014149427891511872,-0.0650980350466586
Palmiano,1.0,2144.238976732228,1870.5650994575046,-0.12763217171427232,-25.922825744797525
Panicale,0.0,18836.118234991645,20538.709764918625,0.09038972407616845,9.789845059689268
Parrano,0.0,1914.455232034966,2458.2437839059676,0.2840434932986042,22.246844306939845
Passignano sul Trasimeno,0.0,25597.828094870805,26349.523734177215,0.02936560228940017,4.026583764901474
Pedaso,0.0,10467.604094356602,12292.61742766727,0.17434871598693602,-1.0822316637431604
Peglio,0.0,4075.278570510349,4507.481803797468,0.10605489313408936,-10.361614765904283
Penna San Giovanni,1.0,7051.72946394138,6434.6997061482825,-0.08750048636270642,-18.0947924864916
Penna Sant'Andrea,0.0,4093.530434503149,5365.6023960217,0.3107518025996912,5.789686259519322
Penna in Teverina,0.0,2260.8787440545057,2532.6253390596744,0.12019512135261042,0.1905486917245844
Pennabilli,0.0,1101.2428975446717,1036.0838607594937,-0.05916863294233847,-14.7395459246154
Pennapiedimonte,0.0,3248.871705874791,3386.0476943942135,0.042222654797778904,-17.937520602842948
Penne,0.0,30340.49289754467,32158.864828209764,0.05993218161634566,-6.758225468933513
Pergola,0.0,28763.657989458803,30186.018648282097,0.049449922514881645,-9.55794171389527
Perugia,0.0,565773.1560933281,631155.0993444846,0.11556211627751968,-0.2246909108444177
Pescara,0.0,376751.64330248104,433749.1676084991,0.1512867304476671,-5.2808488697683575
Pescorocchiano,0.0,7432.607983031238,4708.671903254973,-0.36648456181128547,-39.13097862622841
Pescosansonesco,0.0,2501.135235891503,2561.6815099457503,0.024207517124785322,-5.006201425431994
Petrella Salto,0.0,8627.03178429104,8143.283340867993,-0.056073566844149755,-19.88816551028405
Petriano,0.0,327.86145391438487,299.6118896925859,-0.08616311519552956,9.723101076058398
Petriolo,1.0,7384.043675279599,8578.020569620254,0.16169688951568192,-4.562742889706651
Petritoli,0.0,9346.576038051164,11617.498191681736,0.2429683495202247,13.547847568705048
Piagge,0.0,4801.158953593007,5772.191794755877,0.2022496756613703,-13.7079831445779
Piandimeleto,0.0,10787.924347602519,10576.040800180832,-0.019640807684081985,4.212150811706387
Pianella,0.0,23777.064982645585,28444.881216094032,0.1963159135433829,2.4735455972847977
Piansano,0.0,1419.2739426661526,1583.248417721519,0.11553405591829224,3.8999212455122376
Picciano,0.0,3643.908246561255,4408.934448462929,0.20994661504543286,-2.2593769376189727
Piegaro,0.0,19954.77448900887,21315.09403254973,0.06817012862210628,-6.266610501781063
Pietracamela,0.0,3033.382857693791,3421.2677441229657,0.12787205065307009,-22.28256090857936
Pietralunga,0.0,12239.13745340018,11860.478413200723,-0.030938376306433427,1.274744467085471
Pietranico,0.0,1921.4480010284099,2069.9083408679926,0.07726482307099793,-4.548255564725412
Pieve Santo Stefano,0.0,30605.124180485924,34238.0664556962,0.118703726009603,-3.647505149307532
Pieve Torina,1.0,8010.060322663582,6156.096745027125,-0.23145438398146292,-34.89234328956607
Pievebovigliana,1.0,4852.755688391824,3517.212816455696,-0.2752132927546409,-32.57768015810518
Pineto,0.0,66300.08667566525,69668.71247739602,0.0508087691982941,-5.974678055664877
Piobbico,0.0,13248.404197197584,14314.396925858951,0.08046197208316269,-5.842565016415214
Pioraco,1.0,5252.1706517547245,5425.071202531645,0.03291982729448356,-7.184033628723656
Pizzoli,0.0,12872.264879804601,14274.557753164558,0.10893909397094717,-5.197364987722099
Poggio Bustone,1.0,4685.4571924411875,5017.574028028933,0.07088248210303419,-7.427715178712519
Poggio Catino,0.0,4713.203271628744,5345.346745027125,0.13412183539877975,0.6677620235189302
Poggio Mirteto,0.0,17461.759544928653,18316.69428119349,0.048960400242891444,6.358453148102811
Poggio Moiano,0.0,5200.8591721300945,4405.6897603978305,-0.15289193293164863,-18.13022915785237
Poggio Nativo,0.0,3923.8491772721427,4843.593467450271,0.23439848185437503,16.702785892705286
Poggio Picenze,0.0,3151.5286026481554,3468.0154837251357,0.10042329325872018,-1.4116474486892323
Poggio San Lorenzo,0.0,1270.961691734156,1213.3970388788427,-0.045292201354054526,-9.386491644571894
Poggio San Marcello,0.0,5407.974803959378,4378.524412296564,-0.19035783800418504,47.50439003415295
Poggio San Vicino,1.0,3119.9722972104387,3191.222423146474,0.02283678159570191,-18.80262027389436
Poggiodomo,1.0,4924.178107725929,4171.037748643761,-0.1529474244443976,-28.88547375812407
Poggiofiorito,0.0,5110.047435403008,5971.088946654611,0.16849971005869854,-7.283229266571907
Polino,1.0,3363.2070317521534,3785.1265822784812,0.1254515545855402,-4.774770337953034
Pollenza,1.0,25632.038019025582,29181.53085443038,0.1384787597759554,30.613669081665797
Polverigi,0.0,15621.178654068646,19521.142518083183,0.24965874537250515,15.99364281906762
Ponzano Romano,0.0,9224.128744054506,9674.978187160941,0.04887718456846502,17.74990318377421
Ponzano di Fermo,0.0,6555.951664738399,7016.442359855335,0.07024009917487865,0.9808385448400768
Popoli,0.0,17674.46323434889,20181.93150994575,0.1418695573579739,8.521603319684075
Porano,0.0,3016.876333718987,3763.4806735985535,0.24747595104742212,-0.0841478750895622
Porto Recanati,0.0,70807.9019796889,68104.55300632911,-0.038178633991093905,-15.599261656489224
Porto San Giorgio,0.0,67495.8081051549,74376.26706600362,0.10193905598002974,-7.941532822059647
Porto Sant'Elpidio,0.0,75005.27066460985,88280.8748869801,0.17699561783774956,-3.284500477585361
Posta,1.0,5755.524938938167,5164.13483273056,-0.10275172334093156,-34.63011741494831
Potenza Picena,0.0,72670.86698161718,81444.17484177215,0.12072661610565724,-2.310628639064215
Pozzaglia Sabina,0.0,1194.9105926211594,1215.1760849909583,0.01695983992019395,-22.37034376570594
Prata d'Ansidonia,0.0,1578.1740262244505,1639.8789556962026,0.03909893867621947,3.4433963264958
Preci,1.0,7488.852198225993,5907.250339059675,-0.21119416130832142,-39.69520276565556
Pretoro,0.0,6708.448772335776,8171.996157323689,0.218164800038911,-12.512698476385028
Proceno,0.0,659.450957706646,870.3875452079566,0.31986698182208845,14.382176187183315
Radicofani,0.0,267.53464455585555,177.123191681736,-0.33794297192505685,1.4464596031992396
Rapagnano,0.0,9563.022657153875,10503.603978300182,0.09835606950514536,18.63184859719997
Rapino,0.0,6755.763819256974,8273.102283001808,0.22459909853860424,-9.480482921680569
Recanati,0.0,86050.69893302482,97092.32154159131,0.1283153158019139,-3.113925242386917
Rieti,1.0,113475.11126108754,125676.89783001809,0.10752830672142939,9.86374260232065
Rignano Flaminio,0.0,21728.42505463427,28779.54272151899,0.32451121741015676,21.00598735165314
Ripa Teatina,0.0,16344.916730942281,17167.24536618445,0.050310971219904174,5.45175970626044
Ripatransone,0.0,29917.419816171743,31816.64285714286,0.06348218036986258,-2.061343207597606
Ripe San Ginesio,1.0,3385.336161460342,3740.32380198915,0.10486038124369788,4.259285876768305
Rivodutri,1.0,6439.001092685436,6823.440438517179,0.05970481139822422,-9.220276791071008
Rocca Santa Maria,1.0,3106.7582272785703,3174.534810126582,0.021815853661513347,-19.048173809178863
Rocca Sinibalda,0.0,4024.17142306209,4246.5625,0.05526381795353219,-7.894626745253647
Rocca di Cambio,0.0,1956.0427111453914,2229.4976265822784,0.13980007383211032,8.931175741978322
Rocca di Mezzo,0.0,13211.351619745468,13111.977169981918,-0.0075218987900547065,5.527126450647932
Roccacasale,0.0,12.44677979174701,12.45490506329114,0.000652801100371092,-21.620387925277225
Roccafluvione,1.0,8608.039529502506,8249.828661844485,-0.0416135249414594,-16.408525830695282
Roccamontepiano,0.0,5927.045635685821,6935.0849909584085,0.17007450545063107,-8.549515244090248
Roccamorice,0.0,2778.3698097441834,2737.2950949367087,-0.014783746448517826,-17.722797289554617
Roccantica,0.0,3744.7924219051292,4317.2726039783,0.15287367564740126,-4.641628026914483
Ronciglione,0.0,19488.209570638897,19649.312160940324,0.008266669635169846,-10.790349669594471
Rosciano,0.0,10920.178075588123,12249.957730560578,0.1217727078961428,11.960129485212583
Roseto degli Abruzzi,0.0,80870.27805630544,98818.27169981918,0.22193559951676625,4.105021284051112
Rosora,0.0,4742.574591849852,6783.450384267631,0.4303307734843092,-9.51451755711727
Rotella,1.0,5618.687395552127,7658.254294755877,0.3629970410559439,15.779014763074017
Salisano,0.0,2879.910142691863,3580.9786392405063,0.24343415655786818,-24.48364328765993
Salle,0.0,2182.041039979432,2459.3678797468356,0.12709515297201643,-14.823518436807362
Saltara,0.0,26065.90869649055,28556.03774864376,0.0955320254186448,-10.026478294733304
San Benedetto del Tronto,0.0,203727.18109654196,221951.0612567812,0.08945237479923372,-5.981740548730864
San Benedetto in Perillis,0.0,2381.053637999743,2233.7259267631102,-0.06187500730155689,-18.810126997389283
San Casciano dei Bagni,0.0,10838.555630543771,10773.776898734177,-0.005976694129524375,-4.540401028121943
San Costanzo,0.0,16879.2783455457,18965.517518083183,0.12359765209322618,-8.19847622274016
San Demetrio ne' Vestini,0.0,3533.8853644427304,4031.5160488245933,0.14081687238327717,-12.0169084511742
San Gemini,0.0,16234.86328576938,17588.45580922242,0.08337566505038141,6.255108203011238
San Ginesio,1.0,19200.96165959635,18605.500678119348,-0.03101203950268807,-2.241631692718128
San Giorgio di Pesaro,0.0,6281.405450572053,7114.939421338156,0.13269864162170772,-11.04112079303095
San Giovanni Teatino,0.0,55904.4144812958,63891.24762658228,0.14286587596689118,3.4509264098940244
San Giustino,0.0,60072.30405579123,71828.74762658228,0.19570488856016624,17.945882177264686
San Lorenzo Nuovo,0.0,8263.215451857566,10066.586234177215,0.21824080381617697,-24.18914039687145
San Lorenzo in Campo,0.0,16836.400051420493,17710.05639692586,0.0518909234062572,0.6250142013311047
San Marcello,0.0,16054.927497107597,14955.129294755878,-0.0685022216730568,-9.273968682352594
San Martino sulla Marrucina,0.0,3236.238237562669,3513.0610307414104,0.08553844706662479,8.72357121165316
San Paolo di Jesi,0.0,4780.071827998458,4661.563065099457,-0.024792255673828062,-11.933352359665577
San Pio delle Camere,0.0,1485.6369713330762,1532.3705922242314,0.0314569587274209,47.87739338280881
San Severino Marche,1.0,80124.4140313665,87411.16715641953,0.09094298177582262,-4.806449204074971
San Valentino in Abruzzo Citeriore,0.0,2423.2254467155162,2694.86369801085,0.11209780405018324,0.4043390739612877
San Venanzo,0.0,16491.146451986115,17558.95931283906,0.06475067479158442,-6.36944616016048
San Vito Chietino,0.0,403.4987787633372,565.758137432188,0.4021309783542623,-10.330029055719816
Sansepolcro,0.0,82083.8875498136,92263.226039783,0.12401140825343995,-1.9982210161254896
Sant'Anatolia di Narco,1.0,4960.268414963363,4766.7045660036165,-0.0390228577904844,-14.4076032537788
Sant'Angelo in Pontano,1.0,9180.696265586837,7761.8772603978305,-0.15454372567659658,-23.110930210240973
Sant'Angelo in Vado,0.0,16889.48290268672,18158.731012658227,0.07515020544350712,-6.198588941526557
Sant'Egidio alla Vibrata,0.0,20051.739651626172,27378.928571428572,0.365414126011165,23.97182529320122
Sant'Elpidio a Mare,0.0,58249.417341560606,67500.21835443038,0.158813623123907,2.6333488288279976
Sant'Eusanio Forconese,0.0,1374.728210566911,1624.572219710669,0.18174065769751482,-2.1310766919170674
Sant'Eusanio del Sangro,0.0,4469.619745468569,5236.701401446655,0.1716212339440678,-7.304363789163847
Sant'Ippolito,0.0,9270.69539786605,9173.483047016274,-0.010485982623498969,-8.335914583615182
Sant'Omero,0.0,12954.937941894847,17150.696880650994,0.32387333367206056,6.399042718270935
Sant'Oreste,0.0,16022.533198354546,19439.579566003616,0.2132650514963507,-4.845318043431144
Santa Maria Nuova,0.0,10452.275131765009,11529.031080470162,0.10301641844777273,-1.3821098119066748
Santa Vittoria in Matenano,1.0,7064.374276899344,6326.452983725136,-0.10445670971698472,-9.929799587625784
Sante Marie,0.0,54.897512533744695,37.51164104882459,-0.31669688994074663,121.37975999333628
Santo Stefano di Sessanio,0.0,2018.670683892531,2112.0770795660037,0.04627123998915979,-3.225035103464782
Sarnano,1.0,20185.370548913743,19227.79588607595,-0.04743904306920558,-5.394781572282613
Sarteano,0.0,16207.896291297084,17689.18976039783,0.09139332103797662,4.172307855045736
Sassocorvaro,0.0,4306.298785190898,4563.899638336347,0.05981954945423732,-21.839174420787103
Sassoferrato,0.0,41262.559165702536,44920.02339511754,0.08863881211844683,-5.255120093998889
Scafa,0.0,5943.8318871320225,5930.176311030741,-0.002297436461964007,11.52286989357978
Scandriglia,0.0,7786.245693533872,7303.591885171791,-0.061988001324297284,-9.88644699732461
Scheggia e Pascelupo,0.0,9828.473775549557,10042.029498191681,0.021728269059779152,-1.0022696190582363
Scheggino,1.0,3751.3584329605346,4103.998869801085,0.09400339720730173,-13.583316604424148
Scoppito,0.0,14389.936302866694,15905.720388788426,0.10533639996862008,-1.2009357096475806
Secinaro,0.0,1208.5714744825814,1260.554588607595,0.04301203133002026,-7.9103572813776415
Sefro,1.0,3062.2604126494407,3333.21688517179,0.08848250508124499,-7.661345779987505
Selci,0.0,2342.4381025838798,2724.6303119349004,0.16316000364297134,3.129562650730532
Sellano,1.0,5743.225061061833,11951.664104882459,1.081002220496785,97.96441397991632
Senigallia,0.0,264111.74228692637,269722.071880651,0.021242257330723546,-3.844000841840265
Serra San Quirico,0.0,17328.776610104127,19166.976152802894,0.10607786020087204,-7.52359640232378
Serra Sant'Abbondio,0.0,5028.210824013369,5067.395569620253,0.007792979844788498,-13.002196619049965
Serra de' Conti,0.0,17423.709152847412,17446.271473779387,0.001294920658629538,-1.3985693642747887
Serramonacesca,0.0,5389.061286797789,6474.323010849909,0.20138233103988118,-5.115138621309443
Serrapetrona,1.0,8245.390410078417,9787.142518083183,0.18698351822374215,-8.092851223376089
Serravalle di Chienti,1.0,12826.942858979302,12717.637771247739,-0.00852152293288235,-9.379010912341034
Serrungarina,0.0,9185.501317650083,10352.890370705245,0.12709040178482206,-3.2153901722851037
Servigliano,1.0,9734.532587736212,8749.831939421338,-0.10115541136052314,-17.06126004651217
Sestino,0.0,12999.722232934824,12797.781306509945,-0.015534249332901982,-13.20312387666328
Sigillo,0.0,11327.755174186914,12714.368896925858,0.12240851796467901,-34.527560951882215
Silvi,0.0,71654.44363028667,80379.79724231464,0.12176988850890988,-11.637312831426758
Sinalunga,0.0,287.5737884046793,283.29407775768533,-0.014882130498526125,-9.248113909236428
Sirolo,0.0,27282.71509834169,28273.92077305606,0.036330902959677086,-8.012683001738761
Smerillo,1.0,2059.717444401594,1844.3364602169981,-0.10456821869912851,-36.91620967976003
Soriano nel Cimino,0.0,21666.851105540558,24447.323236889693,0.12832839058178253,14.325590518471994
Spello,0.0,48204.5585229464,48119.89669981917,-0.0017563032568160282,2.3686107091856825
Spinetoli,0.0,15337.208060161975,18609.267405063292,0.21334126342071424,9.556838776450364
Spoleto,1.0,152352.2565882504,159041.90461121156,0.043909083939863855,-14.439637128598273
Spoltore,0.0,58258.357854480004,69975.1570976492,0.20111791122633196,3.829390637977215
Staffolo,0.0,11845.187202725287,12778.014805605786,0.07875161336967969,-3.3791055839565867
Stimigliano,0.0,4556.628197711788,4825.243444846293,0.05895044218648254,-4.992438566539576
Stroncone,0.0,23986.434149633627,27390.798372513564,0.14192873361845387,3.913787216157573
Subbiano,0.0,49823.948354544285,58366.818264014466,0.17146111843002929,1.6742446955544017
Sutri,0.0,26286.643752410335,29170.510849909584,0.10970845592392582,-3.5760210590142534
Tarano,0.0,5990.153554441445,6143.573123869801,0.02561195936531579,-6.711108389545991
Tarquinia,0.0,3159.20143977375,2909.8684448462927,-0.07892279099028057,25.31308929078748
Teramo,1.0,116022.06848566653,142129.49683544305,0.2250212282071307,0.3675499608810773
Terni,0.0,325475.14368813473,383233.2436708861,0.17745779087233243,-2.3609738525137947
Tione degli Abruzzi,0.0,1854.849916441702,1987.7877486437612,0.07167039824822267,-17.02037424829293
Tocco da Casauria,0.0,10373.026706517547,10187.72287522604,-0.01786400792500393,-2.4973216479892195
Todi,0.0,65239.079219694046,70696.6608273056,0.08365509864467939,-3.639384036391021
Toffia,0.0,2393.9910335518703,2923.2306735985535,0.221070017652268,49.68242366862584
Tolentino,1.0,88238.70825298881,96270.2046790235,0.09102010427223868,-4.025662205713743
Tolfa,0.0,2786.3676565111195,3586.1661392405063,0.2870398243607358,1.4592699604202288
Tollo,0.0,9890.58118010027,11972.850474683544,0.210530529669255,-1.5781641359711411
Torano Nuovo,0.0,2712.910849723615,3271.1952983725137,0.20578798182983996,-11.63495926964084
Torgiano,0.0,31600.444112353773,34539.50293851718,0.09300688356510856,-5.746010324776888
Tornimparte,0.0,14819.482034965933,15590.108725135624,0.05200091935409282,-10.27593085670477
Torre San Patrizio,0.0,8922.057944465869,11086.40054249548,0.24258333800354867,-3.08147895275354
Torre de' Passeri,0.0,3732.3356151176245,4510.73643761302,0.20855595604600102,8.07811345908787
Torrevecchia Teatina,0.0,14729.676982902685,17153.617766726944,0.16456170672566833,-1.1347945963490882
Torri in Sabina,0.0,6912.400951279085,7748.589398734177,0.12096932069606893,19.400712530579167
Torricella Sicura,1.0,7558.784033937524,8241.604543399639,0.09033470283002903,1.7162144329300268
Torricella in Sabina,0.0,2959.2364378454813,3419.1201401446656,0.15540620425517937,1.325814937503832
Torrita Tiberina,0.0,5046.730010284098,5505.596745027125,0.09092357502936742,4.903699974099707
Torrita di Siena,0.0,467.50106054762824,466.72151898734177,-0.0016674647954238312,-10.286149963090397
Tortoreto,0.0,49666.31819642628,53468.27328209765,0.07654996834343449,-17.499815271548876
Tossicia,1.0,5702.472618588507,7169.594258589512,0.25727815600877896,-14.933664128133673
Trecastelli,0.0,32110.420940994987,34024.126582278484,0.05959765039518035,-1.905820679812698
Treia,1.0,60218.18868106441,62390.02509041591,0.03606611983721852,-18.015710992919136
Trevi,0.0,32182.86171101684,34343.511415009045,0.06713665563347244,-11.32890466422941
Trevignano Romano,0.0,12358.712302352487,15543.143422242314,0.2576669026662,28.38506632303884
Tuoro sul Trasimeno,0.0,27085.259769893302,28280.132685352623,0.0441152466548423,-12.702745526610046
Turrivalignani,0.0,1812.0036637099884,3227.3762432188064,0.7811091157569253,51.52992488739305
Tuscania,0.0,15419.417630800874,19142.773621157325,0.24147189469198277,14.575985441991085
Umbertide,0.0,69934.57295282169,74096.07606238699,0.05950566270523554,-1.7741581554042127
Urbania,0.0,28698.77513176501,31841.846632007233,0.10951936052362522,-12.311640959383638
Urbino,0.0,52711.30804087929,57671.34776220615,0.09409820977085583,-2.6764332914965863
Urbisaglia,1.0,12869.198643784548,13426.17845840868,0.043280069726263574,3.832660944645341
Ussita,1.0,6240.137099884304,2091.3575949367087,-0.6648539028132117,-63.77999404633514
Vacone,0.0,1737.3417855765522,1908.2940777576853,0.0983987685096753,-7.334452654546878
Vacri,0.0,4544.109718472811,5322.235533453888,0.17123834220327536,-10.768829521872672
Valentano,0.0,707.0473068517805,912.9443942133815,0.29120694664460917,5.951375679117271
Valfabbrica,0.0,20886.19632986245,22792.563517179024,0.09127402410705615,-6.069494525482611
Valle Castellana,1.0,10049.699993572438,9371.714172694394,-0.06746328958194461,-13.247831411274491
Vallerano,0.0,3390.900501349788,3835.8558996383363,0.13122042304438847,-1.4890054936147807
Vallo di Nera,1.0,4765.56668594935,4736.675971971067,-0.006062387934568976,-15.279225104123748
Valtopina,0.0,8222.885653682994,8793.084425858951,0.06934290420548027,-9.9628645405622
Varco Sabino,0.0,870.9052256074045,695.5840867992766,-0.2013090904189395,-22.26270673632785
Vasanello,0.0,7012.386489265973,7959.793738698011,0.1351048249953503,9.006757268056978
Vejano,0.0,9741.630029566782,11425.300406871609,0.17283251080103898,-7.742130366283555
Venarotta,1.0,9838.05627329991,9966.172129294755,0.013022476435975126,-12.368561437453051
Verghereto,0.0,1385.2671294510862,1146.4093580470162,-0.17242722816841666,-1.5162511581234306
Vetralla,0.0,23223.770600334232,26563.21394665461,0.14379419276008168,9.214319522707305
Vicoli,0.0,1495.2471397351844,1377.99095840868,-0.0784192647559728,30.156277276456265
Vignanello,0.0,5194.761826712945,5541.453209764919,0.06673864839561816,-8.800577982800032
Villa Celiera,0.0,2496.0549556498263,2325.5856690777578,-0.06829548611748748,16.01540252948123
Villa San Giovanni in Tuscia,0.0,2011.1231520761023,2057.0589963833636,0.02284089080265485,12.304198494152132
Villa Sant'Angelo,0.0,773.1985152333204,891.929588607595,0.15355833079742295,-15.158288129799544
Villa Santa Lucia degli Abruzzi,0.0,2065.6805501992544,2051.1151672694396,-0.007051130402718799,-10.222365093495483
Villamagna,0.0,7665.233802545315,8903.941116636528,0.16160072164790182,-4.337131170900039
Visso,1.0,12484.39767322278,7964.0490506329115,-0.3620798328368985,-39.94060959305335
Viterbo,0.0,199688.29631057975,233533.8907097649,0.1694921286049951,7.166066543753334
Vitorchiano,0.0,10981.136232163517,14538.708408679928,0.32397122677490847,15.85928932181524
